,Year,Month,Day,startdate,timeDelt,startweekday,totalRents,timeDelt_sq,holiday,date,station,precip,tmax,tmin,tmax_sq,tmin_sq,startdate2,day_0,day_1,day_2,day_3,day_4,day_5,day_6
0,2015,1,1,2015-01-01,0,3,2578,0,0.0,,USC00186350,0.0,36.0,22.0,1296.0,484.0,2015-01-01,0,0,0,1,0,0,0
1,2015,1,2,2015-01-02,1,4,5108,1,0.0,,USC00186350,0.0,44.0,27.0,1936.0,729.0,2015-01-02,0,0,0,0,1,0,0
2,2015,1,3,2015-01-03,2,5,1703,4,0.0,,USC00186350,0.07,47.0,29.0,2209.0,841.0,2015-01-03,0,0,0,0,0,1,0
3,2015,1,4,2015-01-04,3,6,3658,9,0.0,,USC00186350,0.52,56.0,31.0,3136.0,961.0,2015-01-04,0,0,0,0,0,0,1
4,2015,1,5,2015-01-05,4,0,5222,16,0.0,,USC00186350,0.08,66.0,40.0,4356.0,1600.0,2015-01-05,1,0,0,0,0,0,0
5,2015,1,6,2015-01-06,5,1,2060,25,0.0,,USC00186350,0.16,41.0,21.0,1681.0,441.0,2015-01-06,0,1,0,0,0,0,0
6,2015,1,7,2015-01-07,6,2,3035,36,0.0,,USC00186350,0.08,30.0,20.0,900.0,400.0,2015-01-07,0,0,1,0,0,0,0
7,2015,1,8,2015-01-08,7,3,2952,49,0.0,,USC00186350,0.0,26.0,10.0,676.0,100.0,2015-01-08,0,0,0,1,0,0,0
8,2015,1,9,2015-01-09,8,4,4214,64,0.0,,USC00186350,0.0,30.0,11.0,900.0,121.0,2015-01-09,0,0,0,0,1,0,0
9,2015,1,10,2015-01-10,9,5,2673,81,0.0,,USC00186350,0.0,38.0,16.0,1444.0,256.0,2015-01-10,0,0,0,0,0,1,0
10,2015,1,11,2015-01-11,10,6,3451,100,0.0,,USC00186350,0.0,27.0,13.0,729.0,169.0,2015-01-11,0,0,0,0,0,0,1
11,2015,1,12,2015-01-12,11,0,2155,121,0.0,,USC00186350,0.3,41.0,17.0,1681.0,289.0,2015-01-12,1,0,0,0,0,0,0
12,2015,1,13,2015-01-13,12,1,5473,144,0.0,,USC00186350,0.53,45.0,33.0,2025.0,1089.0,2015-01-13,0,1,0,0,0,0,0
13,2015,1,14,2015-01-14,13,2,4555,169,0.0,,USC00186350,0.1,34.0,24.0,1156.0,576.0,2015-01-14,0,0,1,0,0,0,0
14,2015,1,15,2015-01-15,14,3,5774,196,0.0,,USC00186350,0.0,31.0,25.0,961.0,625.0,2015-01-15,0,0,0,1,0,0,0
15,2015,1,16,2015-01-16,15,4,5683,225,0.0,,USC00186350,0.0,39.0,25.0,1521.0,625.0,2015-01-16,0,0,0,0,1,0,0
16,2015,1,17,2015-01-17,16,5,4217,256,0.0,,USC00186350,0.0,44.0,24.0,1936.0,576.0,2015-01-17,0,0,0,0,0,1,0
17,2015,1,18,2015-01-18,17,6,2523,289,0.0,,USC00186350,0.42,40.0,24.0,1600.0,576.0,2015-01-18,0,0,0,0,0,0,1
18,2015,1,19,2015-01-19,18,0,4634,324,0.0,,USC00186350,0.21,49.0,34.0,2401.0,1156.0,2015-01-19,1,0,0,0,0,0,0
19,2015,1,20,2015-01-20,19,1,6263,361,0.0,,USC00186350,0.0,47.0,26.0,2209.0,676.0,2015-01-20,0,1,0,0,0,0,0
20,2015,1,21,2015-01-21,20,2,5350,400,0.0,,USC00186350,0.0,48.0,29.0,2304.0,841.0,2015-01-21,0,0,1,0,0,0,0
21,2015,1,22,2015-01-22,21,3,6369,441,0.0,,USC00186350,0.11,48.0,30.0,2304.0,900.0,2015-01-22,0,0,0,1,0,0,0
22,2015,1,23,2015-01-23,22,4,4733,484,0.0,,USC00186350,0.0,46.0,25.0,2116.0,625.0,2015-01-23,0,0,0,0,1,0,0
23,2015,1,24,2015-01-24,23,5,3472,529,0.0,,USC00186350,0.12,44.0,36.0,1936.0,1296.0,2015-01-24,0,0,0,0,0,1,0
24,2015,1,25,2015-01-25,24,6,5159,576,0.0,,USC00186350,0.0,44.0,36.0,1936.0,1296.0,2015-01-25,0,0,0,0,0,0,1
25,2015,1,26,2015-01-26,25,0,2429,625,0.0,,USC00186350,0.08,50.0,34.0,2500.0,1156.0,2015-01-26,1,0,0,0,0,0,0
26,2015,1,27,2015-01-27,26,1,4067,676,0.0,,USC00186350,0.23,35.0,27.0,1225.0,729.0,2015-01-27,0,1,0,0,0,0,0
27,2015,1,28,2015-01-28,27,2,5094,729,0.0,,USC00186350,0.0,36.0,22.0,1296.0,484.0,2015-01-28,0,0,1,0,0,0,0
28,2015,1,29,2015-01-29,28,3,4628,784,0.0,,USC00186350,0.0,37.0,19.0,1369.0,361.0,2015-01-29,0,0,0,1,0,0,0
29,2015,1,30,2015-01-30,29,4,4848,841,0.0,,USC00186350,0.06,40.0,24.0,1600.0,576.0,2015-01-30,0,0,0,0,1,0,0
30,2015,1,31,2015-01-31,30,5,3331,900,0.0,,USC00186350,0.0,41.0,18.0,1681.0,324.0,2015-01-31,0,0,0,0,0,1,0
31,2015,2,1,2015-02-01,31,6,3587,961,0.0,,USC00186350,0.0,34.0,20.0,1156.0,400.0,2015-02-01,0,0,0,0,0,0,1
32,2015,2,2,2015-02-02,32,0,3881,1024,0.0,,USC00186350,0.11,42.0,30.0,1764.0,900.0,2015-02-02,1,0,0,0,0,0,0
33,2015,2,3,2015-02-03,33,1,5117,1089,0.0,,USC00186350,0.0,51.0,22.0,2601.0,484.0,2015-02-03,0,1,0,0,0,0,0
34,2015,2,4,2015-02-04,34,2,6074,1156,0.0,,USC00186350,0.0,37.0,24.0,1369.0,576.0,2015-02-04,0,0,1,0,0,0,0
35,2015,2,5,2015-02-05,35,3,4986,1225,0.0,,USC00186350,0.0,55.0,32.0,3025.0,1024.0,2015-02-05,0,0,0,1,0,0,0
36,2015,2,6,2015-02-06,36,4,4927,1296,0.0,,USC00186350,0.0,37.0,13.0,1369.0,169.0,2015-02-06,0,0,0,0,1,0,0
37,2015,2,7,2015-02-07,37,5,4925,1369,0.0,,USC00186350,0.0,36.0,18.0,1296.0,324.0,2015-02-07,0,0,0,0,0,1,0
38,2015,2,8,2015-02-08,38,6,6647,1444,0.0,,USC00186350,0.0,48.0,28.0,2304.0,784.0,2015-02-08,0,0,0,0,0,0,1
39,2015,2,9,2015-02-09,39,0,4939,1521,0.0,,USC00186350,0.0,67.0,35.0,4489.0,1225.0,2015-02-09,1,0,0,0,0,0,0
40,2015,2,10,2015-02-10,40,1,5667,1600,0.0,,USC00186350,0.17,39.0,30.0,1521.0,900.0,2015-02-10,0,1,0,0,0,0,0
41,2015,2,11,2015-02-11,41,2,6592,1681,0.0,,USC00186350,0.0,39.0,27.0,1521.0,729.0,2015-02-11,0,0,1,0,0,0,0
42,2015,2,12,2015-02-12,42,3,5439,1764,0.0,,USC00186350,0.0,45.0,30.0,2025.0,900.0,2015-02-12,0,0,0,1,0,0,0
43,2015,2,13,2015-02-13,43,4,4010,1849,0.0,,USC00186350,0.0,42.0,13.0,1764.0,169.0,2015-02-13,0,0,0,0,1,0,0
44,2015,2,14,2015-02-14,44,5,2933,1936,0.0,,USC00186350,0.0,29.0,17.0,841.0,289.0,2015-02-14,0,0,0,0,0,1,0
45,2015,2,15,2015-02-15,45,6,1041,2025,0.0,,USC00186350,0.04,42.0,8.0,1764.0,64.0,2015-02-15,0,0,0,0,0,0,1
46,2015,2,16,2015-02-16,46,0,1315,2116,0.0,,USC00186350,0.0,21.0,7.0,441.0,49.0,2015-02-16,1,0,0,0,0,0,0
47,2015,2,17,2015-02-17,47,1,1178,2209,0.0,,USC00186350,0.0,21.0,7.0,441.0,49.0,2015-02-16,0,1,0,0,0,0,0
48,2015,2,18,2015-02-18,48,2,3143,2304,0.0,,USC00186350,0.45,21.0,7.0,441.0,49.0,2015-02-18,0,0,1,0,0,0,0
49,2015,2,19,2015-02-19,49,3,2682,2401,0.0,,USC00186350,0.0,34.0,12.0,1156.0,144.0,2015-02-19,0,0,0,1,0,0,0
50,2015,2,20,2015-02-20,50,4,2484,2500,0.0,,USC00186350,0.0,19.0,4.0,361.0,16.0,2015-02-20,0,0,0,0,1,0,0
51,2015,2,21,2015-02-21,51,5,741,2601,0.0,,USC00186350,0.0,23.0,6.0,529.0,36.0,2015-02-21,0,0,0,0,0,1,0
52,2015,2,22,2015-02-22,52,6,1989,2704,0.0,,USC00186350,0.85,38.0,18.0,1444.0,324.0,2015-02-22,0,0,0,0,0,0,1
53,2015,2,23,2015-02-23,53,0,3597,2809,0.0,,USC00186350,0.0,51.0,33.0,2601.0,1089.0,2015-02-23,1,0,0,0,0,0,0
54,2015,2,24,2015-02-24,54,1,3871,2916,0.0,,USC00186350,0.0,35.0,8.0,1225.0,64.0,2015-02-24,0,1,0,0,0,0,0
55,2015,2,25,2015-02-25,55,2,4950,3025,0.0,,USC00186350,0.0,30.0,14.0,900.0,196.0,2015-02-25,0,0,1,0,0,0,0
56,2015,2,26,2015-02-26,56,3,3475,3136,0.0,,USC00186350,0.11,41.0,19.0,1681.0,361.0,2015-02-26,0,0,0,1,0,0,0
57,2015,2,27,2015-02-27,57,4,4640,3249,0.0,,USC00186350,0.0,39.0,29.0,1521.0,841.0,2015-02-27,0,0,0,0,1,0,0
58,2015,2,28,2015-02-28,58,5,3222,3364,0.0,,USC00186350,0.0,35.0,17.0,1225.0,289.0,2015-02-28,0,0,0,0,0,1,0
59,2015,3,1,2015-03-01,59,6,768,3481,0.0,,USC00186350,0.0,33.0,19.0,1089.0,361.0,2015-03-01,0,0,0,0,0,0,1
60,2015,3,2,2015-03-02,60,0,4067,3600,0.0,,USC00186350,0.61,42.0,27.0,1764.0,729.0,2015-03-02,1,0,0,0,0,0,0
61,2015,3,3,2015-03-03,61,1,3831,3721,0.0,,USC00186350,0.0,48.0,25.0,2304.0,625.0,2015-03-03,0,1,0,0,0,0,0
62,2015,3,4,2015-03-04,62,2,4141,3844,0.0,,USC00186350,0.16,44.0,30.0,1936.0,900.0,2015-03-04,0,0,1,0,0,0,0
63,2015,3,5,2015-03-05,63,3,538,3969,0.0,,USC00186350,0.61,50.0,35.0,2500.0,1225.0,2015-03-05,0,0,0,1,0,0,0
64,2015,3,6,2015-03-06,64,4,1928,4096,0.0,,USC00186350,0.58,35.0,12.0,1225.0,144.0,2015-03-06,0,0,0,0,1,0,0
65,2015,3,7,2015-03-07,65,5,3182,4225,0.0,,USC00186350,0.0,30.0,14.0,900.0,196.0,2015-03-07,0,0,0,0,0,1,0
66,2015,3,8,2015-03-08,66,6,5348,4356,0.0,,USC00186350,0.0,49.0,24.0,2401.0,576.0,2015-03-08,0,0,0,0,0,0,1
67,2015,3,9,2015-03-09,67,0,7942,4489,0.0,,USC00186350,0.0,57.0,31.0,3249.0,961.0,2015-03-09,1,0,0,0,0,0,0
68,2015,3,10,2015-03-10,68,1,3941,4624,0.0,,USC00186350,0.0,64.0,34.0,4096.0,1156.0,2015-03-10,0,1,0,0,0,0,0
69,2015,3,11,2015-03-11,69,2,7700,4761,0.0,,USC00186350,0.5,51.0,38.0,2601.0,1444.0,2015-03-11,0,0,1,0,0,0,0
70,2015,3,12,2015-03-12,70,3,8999,4900,0.0,,USC00186350,0.0,63.0,37.0,3969.0,1369.0,2015-03-12,0,0,0,1,0,0,0
71,2015,3,13,2015-03-13,71,4,7908,5041,0.0,,USC00186350,0.0,59.0,30.0,3481.0,900.0,2015-03-13,0,0,0,0,1,0,0
72,2015,3,14,2015-03-14,72,5,3547,5184,0.0,,USC00186350,0.33,54.0,40.0,2916.0,1600.0,2015-03-14,0,0,0,0,0,1,0
73,2015,3,15,2015-03-15,73,6,6416,5329,0.0,,USC00186350,0.29,60.0,40.0,3600.0,1600.0,2015-03-15,0,0,0,0,0,0,1
74,2015,3,16,2015-03-16,74,0,8781,5476,0.0,,USC00186350,0.0,57.0,32.0,3249.0,1024.0,2015-03-16,1,0,0,0,0,0,0
75,2015,3,17,2015-03-17,75,1,9027,5625,0.0,,USC00186350,0.0,67.0,34.0,4489.0,1156.0,2015-03-17,0,1,0,0,0,0,0
76,2015,3,18,2015-03-18,76,2,7382,5776,0.0,,USC00186350,0.0,71.0,32.0,5041.0,1024.0,2015-03-18,0,0,1,0,0,0,0
77,2015,3,19,2015-03-19,77,3,8044,5929,0.0,,USC00186350,0.0,51.0,31.0,2601.0,961.0,2015-03-19,0,0,0,1,0,0,0
78,2015,3,20,2015-03-20,78,4,2905,6084,0.0,,USC00186350,0.27,52.0,34.0,2704.0,1156.0,2015-03-20,0,0,0,0,1,0,0
79,2015,3,21,2015-03-21,79,5,9043,6241,0.0,,USC00186350,0.24,38.0,33.0,1444.0,1089.0,2015-03-21,0,0,0,0,0,1,0
80,2015,3,22,2015-03-22,80,6,7953,6400,0.0,,USC00186350,0.24,38.0,33.0,1444.0,1089.0,2015-03-21,0,0,0,0,0,0,1
81,2015,3,23,2015-03-23,81,0,7967,6561,0.0,,USC00186350,0.0,38.0,33.0,1444.0,1089.0,2015-03-23,1,0,0,0,0,0,0
82,2015,3,24,2015-03-24,82,1,7729,6724,0.0,,USC00186350,0.0,50.0,34.0,2500.0,1156.0,2015-03-24,0,1,0,0,0,0,0
83,2015,3,25,2015-03-25,83,2,7423,6889,0.0,,USC00186350,0.0,47.0,28.0,2209.0,784.0,2015-03-25,0,0,1,0,0,0,0
84,2015,3,26,2015-03-26,84,3,8536,7056,0.0,,USC00186350,0.0,53.0,33.0,2809.0,1089.0,2015-03-26,0,0,0,1,0,0,0
85,2015,3,27,2015-03-27,85,4,6002,7225,0.0,,USC00186350,0.59,76.0,42.0,5776.0,1764.0,2015-03-27,0,0,0,0,1,0,0
86,2015,3,28,2015-03-28,86,5,4573,7396,0.0,,USC00186350,0.0,51.0,30.0,2601.0,900.0,2015-03-28,0,0,0,0,0,1,0
87,2015,3,29,2015-03-29,87,6,5672,7569,0.0,,USC00186350,0.0,36.0,25.0,1296.0,625.0,2015-03-29,0,0,0,0,0,0,1
88,2015,3,30,2015-03-30,88,0,8952,7744,0.0,,USC00186350,0.0,47.0,28.0,2209.0,784.0,2015-03-30,1,0,0,0,0,0,0
89,2015,3,31,2015-03-31,89,1,8011,7921,0.0,,USC00186350,0.0,64.0,40.0,4096.0,1600.0,2015-03-31,0,1,0,0,0,0,0
90,2015,4,1,2015-04-01,90,2,9877,8100,0.0,,USC00186350,0.0,70.0,34.0,4900.0,1156.0,2015-04-01,0,0,1,0,0,0,0
91,2015,4,2,2015-04-02,91,3,11276,8281,0.0,,USC00186350,0.0,60.0,37.0,3600.0,1369.0,2015-04-02,0,0,0,1,0,0,0
92,2015,4,3,2015-04-03,92,4,6428,8464,0.0,,USC00186350,0.0,73.0,44.0,5329.0,1936.0,2015-04-03,0,0,0,0,1,0,0
93,2015,4,4,2015-04-04,93,5,10438,8649,0.0,,USC00186350,0.18,71.0,53.0,5041.0,2809.0,2015-04-04,0,0,0,0,0,1,0
94,2015,4,5,2015-04-05,94,6,10187,8836,0.0,,USC00186350,0.0,59.0,39.0,3481.0,1521.0,2015-04-05,0,0,0,0,0,0,1
95,2015,4,6,2015-04-06,95,0,12640,9025,0.0,,USC00186350,0.0,67.0,40.0,4489.0,1600.0,2015-04-06,1,0,0,0,0,0,0
96,2015,4,7,2015-04-07,96,1,11117,9216,0.0,,USC00186350,0.03,77.0,51.0,5929.0,2601.0,2015-04-07,0,1,0,0,0,0,0
97,2015,4,8,2015-04-08,97,2,7441,9409,0.0,,USC00186350,0.27,73.0,46.0,5329.0,2116.0,2015-04-08,0,0,1,0,0,0,0
98,2015,4,9,2015-04-09,98,3,7828,9604,0.0,,USC00186350,0.07,49.0,43.0,2401.0,1849.0,2015-04-09,0,0,0,1,0,0,0
99,2015,4,10,2015-04-10,99,4,9398,9801,0.0,,USC00186350,0.04,48.0,43.0,2304.0,1849.0,2015-04-10,0,0,0,0,1,0,0
100,2015,4,11,2015-04-11,100,5,16746,10000,0.0,,USC00186350,0.02,65.0,45.0,4225.0,2025.0,2015-04-11,0,0,0,0,0,1,0
101,2015,4,12,2015-04-12,101,6,15752,10201,0.0,,USC00186350,0.0,67.0,38.0,4489.0,1444.0,2015-04-12,0,0,0,0,0,0,1
102,2015,4,13,2015-04-13,102,0,12696,10404,0.0,,USC00186350,0.0,71.0,46.0,5041.0,2116.0,2015-04-13,1,0,0,0,0,0,0
103,2015,4,14,2015-04-14,103,1,3825,10609,0.0,,USC00186350,0.18,80.0,54.0,6400.0,2916.0,2015-04-14,0,1,0,0,0,0,0
104,2015,4,15,2015-04-15,104,2,11129,10816,0.0,,USC00186350,0.38,67.0,46.0,4489.0,2116.0,2015-04-15,0,0,1,0,0,0,0
105,2015,4,16,2015-04-16,105,3,11691,11025,0.0,,USC00186350,0.0,67.0,46.0,4489.0,2116.0,2015-04-16,0,0,0,1,0,0,0
106,2015,4,17,2015-04-17,106,4,12550,11236,0.0,,USC00186350,0.1,74.0,46.0,5476.0,2116.0,2015-04-17,0,0,0,0,1,0,0
107,2015,4,18,2015-04-18,107,5,16008,11449,0.0,,USC00186350,0.0,80.0,56.0,6400.0,3136.0,2015-04-18,0,0,0,0,0,1,0
108,2015,4,19,2015-04-19,108,6,10255,11664,0.0,,USC00186350,0.0,82.0,60.0,6724.0,3600.0,2015-04-19,0,0,0,0,0,0,1
109,2015,4,20,2015-04-20,109,0,9068,11881,0.0,,USC00186350,0.98,74.0,53.0,5476.0,2809.0,2015-04-20,1,0,0,0,0,0,0
110,2015,4,21,2015-04-21,110,1,11644,12100,0.0,,USC00186350,0.69,76.0,56.0,5776.0,3136.0,2015-04-21,0,1,0,0,0,0,0
111,2015,4,22,2015-04-22,111,2,10545,12321,0.0,,USC00186350,0.0,69.0,47.0,4761.0,2209.0,2015-04-22,0,0,1,0,0,0,0
112,2015,4,23,2015-04-23,112,3,10107,12544,0.0,,USC00186350,0.0,73.0,44.0,5329.0,1936.0,2015-04-23,0,0,0,1,0,0,0
113,2015,4,24,2015-04-24,113,4,10376,12769,0.0,,USC00186350,0.0,58.0,40.0,3364.0,1600.0,2015-04-24,0,0,0,0,1,0,0
114,2015,4,25,2015-04-25,114,5,7192,12996,0.0,,USC00186350,0.0,61.0,40.0,3721.0,1600.0,2015-04-25,0,0,0,0,0,1,0
115,2015,4,26,2015-04-26,115,6,10337,13225,0.0,,USC00186350,0.26,53.0,43.0,2809.0,1849.0,2015-04-26,0,0,0,0,0,0,1
116,2015,4,27,2015-04-27,116,0,8869,13456,0.0,,USC00186350,0.0,66.0,43.0,4356.0,1849.0,2015-04-27,1,0,0,0,0,0,0
117,2015,4,28,2015-04-28,117,1,10999,13689,0.0,,USC00186350,0.01,61.0,46.0,3721.0,2116.0,2015-04-28,0,1,0,0,0,0,0
118,2015,4,29,2015-04-29,118,2,11664,13924,0.0,,USC00186350,0.0,71.0,46.0,5041.0,2116.0,2015-04-29,0,0,1,0,0,0,0
119,2015,4,30,2015-04-30,119,3,10257,14161,0.0,,USC00186350,0.0,77.0,53.0,5929.0,2809.0,2015-04-30,0,0,0,1,0,0,0
120,2015,5,1,2015-05-01,120,4,10356,14400,0.0,,USC00186350,0.36,75.0,53.0,5625.0,2809.0,2015-05-01,0,0,0,0,1,0,0
121,2015,5,2,2015-05-02,121,5,12579,14641,0.0,,USC00186350,0.0,64.0,48.0,4096.0,2304.0,2015-05-02,0,0,0,0,0,1,0
122,2015,5,3,2015-05-03,122,6,12106,14884,0.0,,USC00186350,0.0,77.0,51.0,5929.0,2601.0,2015-05-03,0,0,0,0,0,0,1
123,2015,5,4,2015-05-04,123,0,11992,15129,0.0,,USC00186350,0.0,83.0,55.0,6889.0,3025.0,2015-05-04,1,0,0,0,0,0,0
124,2015,5,5,2015-05-05,124,1,11100,15376,0.0,,USC00186350,0.0,86.0,61.0,7396.0,3721.0,2015-05-05,0,1,0,0,0,0,0
125,2015,5,6,2015-05-06,125,2,11489,15625,0.0,,USC00186350,0.04,86.0,62.0,7396.0,3844.0,2015-05-06,0,0,1,0,0,0,0
126,2015,5,7,2015-05-07,126,3,12322,15876,0.0,,USC00186350,0.0,83.0,58.0,6889.0,3364.0,2015-05-07,0,0,0,1,0,0,0
127,2015,5,8,2015-05-08,127,4,13431,16129,0.0,,USC00186350,0.0,83.0,58.0,6889.0,3364.0,2015-05-07,0,0,0,0,1,0,0
128,2015,5,9,2015-05-09,128,5,12851,16384,0.0,,USC00186350,0.0,85.0,59.0,7225.0,3481.0,2015-05-09,0,0,0,0,0,1,0
129,2015,5,10,2015-05-10,129,6,11100,16641,0.0,,USC00186350,0.0,84.0,66.0,7056.0,4356.0,2015-05-10,0,0,0,0,0,0,1
130,2015,5,11,2015-05-11,130,0,12139,16900,0.0,,USC00186350,0.0,84.0,69.0,7056.0,4761.0,2015-05-11,1,0,0,0,0,0,0
131,2015,5,12,2015-05-12,131,1,12067,17161,0.0,,USC00186350,0.0,82.0,69.0,6724.0,4761.0,2015-05-12,0,1,0,0,0,0,0
132,2015,5,13,2015-05-13,132,2,11780,17424,0.0,,USC00186350,0.0,89.0,61.0,7921.0,3721.0,2015-05-13,0,0,1,0,0,0,0
133,2015,5,14,2015-05-14,133,3,12617,17689,0.0,,USC00186350,0.0,68.0,50.0,4624.0,2500.0,2015-05-14,0,0,0,1,0,0,0
134,2015,5,15,2015-05-15,134,4,13651,17956,0.0,,USC00186350,0.0,72.0,55.0,5184.0,3025.0,2015-05-15,0,0,0,0,1,0,0
135,2015,5,16,2015-05-16,135,5,11208,18225,0.0,,USC00186350,0.0,78.0,62.0,6084.0,3844.0,2015-05-16,0,0,0,0,0,1,0
136,2015,5,17,2015-05-17,136,6,10942,18496,0.0,,USC00186350,0.33,89.0,70.0,7921.0,4900.0,2015-05-17,0,0,0,0,0,0,1
137,2015,5,18,2015-05-18,137,0,10445,18769,0.0,,USC00186350,0.0,85.0,70.0,7225.0,4900.0,2015-05-18,1,0,0,0,0,0,0
138,2015,5,19,2015-05-19,138,1,12068,19044,0.0,,USC00186350,1.07,91.0,73.0,8281.0,5329.0,2015-05-19,0,1,0,0,0,0,0
139,2015,5,20,2015-05-20,139,2,12986,19321,0.0,,USC00186350,0.0,84.0,60.0,7056.0,3600.0,2015-05-20,0,0,1,0,0,0,0
140,2015,5,21,2015-05-21,140,3,6983,19600,0.0,,USC00186350,0.0,72.0,57.0,5184.0,3249.0,2015-05-21,0,0,0,1,0,0,0
141,2015,5,22,2015-05-22,141,4,12531,19881,0.0,,USC00186350,0.32,60.0,49.0,3600.0,2401.0,2015-05-22,0,0,0,0,1,0,0
142,2015,5,23,2015-05-23,142,5,12720,20164,0.0,,USC00186350,0.0,76.0,50.0,5776.0,2500.0,2015-05-23,0,0,0,0,0,1,0
143,2015,5,24,2015-05-24,143,6,13579,20449,0.0,,USC00186350,0.0,74.0,51.0,5476.0,2601.0,2015-05-24,0,0,0,0,0,0,1
144,2015,5,25,2015-05-25,144,0,12009,20736,0.0,,USC00186350,0.0,83.0,51.0,6889.0,2601.0,2015-05-25,1,0,0,0,0,0,0
145,2015,5,26,2015-05-26,145,1,11354,21025,0.0,,USC00186350,0.0,85.0,67.0,7225.0,4489.0,2015-05-26,0,1,0,0,0,0,0
146,2015,5,27,2015-05-27,146,2,11475,21316,0.0,,USC00186350,0.0,89.0,70.0,7921.0,4900.0,2015-05-27,0,0,1,0,0,0,0
147,2015,5,28,2015-05-28,147,3,11638,21609,0.0,,USC00186350,0.0,88.0,71.0,7744.0,5041.0,2015-05-28,0,0,0,1,0,0,0
148,2015,5,29,2015-05-29,148,4,12067,21904,0.0,,USC00186350,0.0,92.0,71.0,8464.0,5041.0,2015-05-29,0,0,0,0,1,0,0
149,2015,5,30,2015-05-30,149,5,12672,22201,0.0,,USC00186350,0.0,87.0,70.0,7569.0,4900.0,2015-05-30,0,0,0,0,0,1,0
150,2015,5,31,2015-05-31,150,6,10928,22500,0.0,,USC00186350,0.0,90.0,72.0,8100.0,5184.0,2015-05-31,0,0,0,0,0,0,1
151,2015,6,1,2015-06-01,151,0,8106,22801,0.0,,USC00186350,0.0,91.0,72.0,8281.0,5184.0,2015-06-01,1,0,0,0,0,0,0
152,2015,6,2,2015-06-02,152,1,8055,23104,0.0,,USC00186350,2.85,92.0,70.0,8464.0,4900.0,2015-06-02,0,1,0,0,0,0,0
153,2015,6,3,2015-06-03,153,2,9882,23409,0.0,,USC00186350,0.05,70.0,58.0,4900.0,3364.0,2015-06-03,0,0,1,0,0,0,0
154,2015,6,4,2015-06-04,154,3,6360,23716,0.0,,USC00186350,0.18,62.0,58.0,3844.0,3364.0,2015-06-04,0,0,0,1,0,0,0
155,2015,6,5,2015-06-05,155,4,11082,24025,0.0,,USC00186350,0.42,65.0,60.0,4225.0,3600.0,2015-06-05,0,0,0,0,1,0,0
156,2015,6,6,2015-06-06,156,5,12685,24336,0.0,,USC00186350,0.03,72.0,63.0,5184.0,3969.0,2015-06-06,0,0,0,0,0,1,0
157,2015,6,7,2015-06-07,157,6,11675,24649,0.0,,USC00186350,0.0,83.0,66.0,6889.0,4356.0,2015-06-07,0,0,0,0,0,0,1
158,2015,6,8,2015-06-08,158,0,9967,24964,0.0,,USC00186350,0.0,78.0,62.0,6084.0,3844.0,2015-06-08,1,0,0,0,0,0,0
159,2015,6,9,2015-06-09,159,1,11772,25281,0.0,,USC00186350,1.02,88.0,66.0,7744.0,4356.0,2015-06-09,0,1,0,0,0,0,0
160,2015,6,10,2015-06-10,160,2,11590,25600,0.0,,USC00186350,0.0,88.0,66.0,7744.0,4356.0,2015-06-10,0,0,1,0,0,0,0
161,2015,6,11,2015-06-11,161,3,11854,25921,0.0,,USC00186350,0.0,88.0,66.0,7744.0,4356.0,2015-06-11,0,0,0,1,0,0,0
162,2015,6,12,2015-06-12,162,4,10872,26244,0.0,,USC00186350,0.0,88.0,66.0,7744.0,4356.0,2015-06-11,0,0,0,0,1,0,0
163,2015,6,13,2015-06-13,163,5,11768,26569,0.0,,USC00186350,0.0,94.0,74.0,8836.0,5476.0,2015-06-13,0,0,0,0,0,1,0
164,2015,6,14,2015-06-14,164,6,9515,26896,0.0,,USC00186350,0.01,94.0,74.0,8836.0,5476.0,2015-06-14,0,0,0,0,0,0,1
165,2015,6,15,2015-06-15,165,0,9987,27225,0.0,,USC00186350,0.3,93.0,75.0,8649.0,5625.0,2015-06-15,1,0,0,0,0,0,0
166,2015,6,16,2015-06-16,166,1,11500,27556,0.0,,USC00186350,0.0,92.0,75.0,8464.0,5625.0,2015-06-16,0,1,0,0,0,0,0
167,2015,6,17,2015-06-17,167,2,11175,27889,0.0,,USC00186350,0.0,93.0,66.0,8649.0,4356.0,2015-06-17,0,0,1,0,0,0,0
168,2015,6,18,2015-06-18,168,3,9995,28224,0.0,,USC00186350,0.27,83.0,70.0,6889.0,4900.0,2015-06-18,0,0,0,1,0,0,0
169,2015,6,19,2015-06-19,169,4,12024,28561,0.0,,USC00186350,0.72,90.0,71.0,8100.0,5041.0,2015-06-19,0,0,0,0,1,0,0
170,2015,6,20,2015-06-20,170,5,9318,28900,0.0,,USC00186350,0.0,87.0,73.0,7569.0,5329.0,2015-06-20,0,0,0,0,0,1,0
171,2015,6,21,2015-06-21,171,6,8784,29241,0.0,,USC00186350,2.5,91.0,75.0,8281.0,5625.0,2015-06-21,0,0,0,0,0,0,1
172,2015,6,22,2015-06-22,172,0,11263,29584,0.0,,USC00186350,0.0,93.0,75.0,8649.0,5625.0,2015-06-22,1,0,0,0,0,0,0
173,2015,6,23,2015-06-23,173,1,9190,29929,0.0,,USC00186350,0.0,92.0,77.0,8464.0,5929.0,2015-06-23,0,1,0,0,0,0,0
174,2015,6,24,2015-06-24,174,2,12590,30276,0.0,,USC00186350,1.1,95.0,69.0,9025.0,4761.0,2015-06-24,0,0,1,0,0,0,0
175,2015,6,25,2015-06-25,175,3,11131,30625,0.0,,USC00186350,0.0,85.0,65.0,7225.0,4225.0,2015-06-25,0,0,0,1,0,0,0
176,2015,6,26,2015-06-26,176,4,13042,30976,0.0,,USC00186350,0.65,86.0,70.0,7396.0,4900.0,2015-06-26,0,0,0,0,1,0,0
177,2015,6,27,2015-06-27,177,5,3305,31329,0.0,,USC00186350,0.19,80.0,68.0,6400.0,4624.0,2015-06-27,0,0,0,0,0,1,0
178,2015,6,28,2015-06-28,178,6,11621,31684,0.0,,USC00186350,2.61,83.0,67.0,6889.0,4489.0,2015-06-28,0,0,0,0,0,0,1
179,2015,6,29,2015-06-29,179,0,12205,32041,0.0,,USC00186350,0.0,79.0,64.0,6241.0,4096.0,2015-06-29,1,0,0,0,0,0,0
180,2015,6,30,2015-06-30,180,1,11980,32400,0.0,,USC00186350,0.0,84.0,61.0,7056.0,3721.0,2015-06-30,0,1,0,0,0,0,0
181,2015,7,1,2015-07-01,181,2,11223,32761,0.0,,USC00186350,1.07,84.0,68.0,7056.0,4624.0,2015-07-01,0,0,1,0,0,0,0
182,2015,7,2,2015-07-02,182,3,11257,33124,0.0,,USC00186350,0.34,87.0,67.0,7569.0,4489.0,2015-07-02,0,0,0,1,0,0,0
183,2015,7,3,2015-07-03,183,4,12791,33489,0.0,,USC00186350,0.0,75.0,63.0,5625.0,3969.0,2015-07-03,0,0,0,0,1,0,0
184,2015,7,4,2015-07-04,184,5,10288,33856,0.0,,USC00186350,0.08,85.0,68.0,7225.0,4624.0,2015-07-04,0,0,0,0,0,1,0
185,2015,7,5,2015-07-05,185,6,12199,34225,0.0,,USC00186350,0.51,82.0,66.0,6724.0,4356.0,2015-07-05,0,0,0,0,0,0,1
186,2015,7,6,2015-07-06,186,0,10902,34596,0.0,,USC00186350,0.03,86.0,71.0,7396.0,5041.0,2015-07-06,1,0,0,0,0,0,0
187,2015,7,7,2015-07-07,187,1,12223,34969,0.0,,USC00186350,0.12,88.0,68.0,7744.0,4624.0,2015-07-07,0,1,0,0,0,0,0
188,2015,7,8,2015-07-08,188,2,9495,35344,0.0,,USC00186350,0.0,87.0,67.0,7569.0,4489.0,2015-07-08,0,0,1,0,0,0,0
189,2015,7,9,2015-07-09,189,3,11045,35721,0.0,,USC00186350,0.31,90.0,70.0,8100.0,4900.0,2015-07-09,0,0,0,1,0,0,0
190,2015,7,10,2015-07-10,190,4,13013,36100,0.0,,USC00186350,0.08,91.0,74.0,8281.0,5476.0,2015-07-10,0,0,0,0,1,0,0
191,2015,7,11,2015-07-11,191,5,12420,36481,0.0,,USC00186350,0.03,92.0,71.0,8464.0,5041.0,2015-07-11,0,0,0,0,0,1,0
192,2015,7,12,2015-07-12,192,6,11711,36864,0.0,,USC00186350,0.0,88.0,66.0,7744.0,4356.0,2015-07-12,0,0,0,0,0,0,1
193,2015,7,13,2015-07-13,193,0,10224,37249,0.0,,USC00186350,0.0,87.0,70.0,7569.0,4900.0,2015-07-13,1,0,0,0,0,0,0
194,2015,7,14,2015-07-14,194,1,11591,37636,0.0,,USC00186350,0.02,81.0,72.0,6561.0,5184.0,2015-07-14,0,1,0,0,0,0,0
195,2015,7,15,2015-07-15,195,2,12088,38025,0.0,,USC00186350,0.0,89.0,71.0,7921.0,5041.0,2015-07-15,0,0,1,0,0,0,0
196,2015,7,16,2015-07-16,196,3,13257,38416,0.0,,USC00186350,0.0,87.0,64.0,7569.0,4096.0,2015-07-16,0,0,0,1,0,0,0
197,2015,7,17,2015-07-17,197,4,12627,38809,0.0,,USC00186350,0.0,85.0,67.0,7225.0,4489.0,2015-07-17,0,0,0,0,1,0,0
198,2015,7,18,2015-07-18,198,5,11096,39204,0.0,,USC00186350,0.0,83.0,75.0,6889.0,5625.0,2015-07-18,0,0,0,0,0,1,0
199,2015,7,19,2015-07-19,199,6,10148,39601,0.0,,USC00186350,0.06,89.0,78.0,7921.0,6084.0,2015-07-19,0,0,0,0,0,0,1
200,2015,7,20,2015-07-20,200,0,10856,40000,0.0,,USC00186350,0.0,95.0,81.0,9025.0,6561.0,2015-07-20,1,0,0,0,0,0,0
201,2015,7,21,2015-07-21,201,1,11811,40401,0.0,,USC00186350,0.0,94.0,79.0,8836.0,6241.0,2015-07-21,0,1,0,0,0,0,0
202,2015,7,22,2015-07-22,202,2,12934,40804,0.0,,USC00186350,0.0,92.0,70.0,8464.0,4900.0,2015-07-22,0,0,1,0,0,0,0
203,2015,7,23,2015-07-23,203,3,12992,41209,0.0,,USC00186350,0.0,87.0,66.0,7569.0,4356.0,2015-07-23,0,0,0,1,0,0,0
204,2015,7,24,2015-07-24,204,4,13339,41616,0.0,,USC00186350,0.0,86.0,63.0,7396.0,3969.0,2015-07-24,0,0,0,0,1,0,0
205,2015,7,25,2015-07-25,205,5,12902,42025,0.0,,USC00186350,0.0,88.0,66.0,7744.0,4356.0,2015-07-25,0,0,0,0,0,1,0
206,2015,7,26,2015-07-26,206,6,11314,42436,0.0,,USC00186350,0.0,91.0,72.0,8281.0,5184.0,2015-07-26,0,0,0,0,0,0,1
207,2015,7,27,2015-07-27,207,0,10919,42849,0.0,,USC00186350,0.48,97.0,72.0,9409.0,5184.0,2015-07-27,1,0,0,0,0,0,0
208,2015,7,28,2015-07-28,208,1,11976,43264,0.0,,USC00186350,0.11,87.0,75.0,7569.0,5625.0,2015-07-28,0,1,0,0,0,0,0
209,2015,7,29,2015-07-29,209,2,12170,43681,0.0,,USC00186350,0.0,93.0,77.0,8649.0,5929.0,2015-07-29,0,0,1,0,0,0,0
210,2015,7,30,2015-07-30,210,3,10808,44100,0.0,,USC00186350,0.0,92.0,78.0,8464.0,6084.0,2015-07-30,0,0,0,1,0,0,0
211,2015,7,31,2015-07-31,211,4,12396,44521,0.0,,USC00186350,0.64,93.0,68.0,8649.0,4624.0,2015-07-31,0,0,0,0,1,0,0
212,2015,8,1,2015-08-01,212,5,12043,44944,0.0,,USC00186350,0.0,91.0,71.0,8281.0,5041.0,2015-08-01,0,0,0,0,0,1,0
213,2015,8,2,2015-08-02,213,6,11447,45369,0.0,,USC00186350,0.0,92.0,68.0,8464.0,4624.0,2015-08-02,0,0,0,0,0,0,1
214,2015,8,3,2015-08-03,214,0,12085,45796,0.0,,USC00186350,0.0,90.0,70.0,8100.0,4900.0,2015-08-03,1,0,0,0,0,0,0
215,2015,8,4,2015-08-04,215,1,11626,46225,0.0,,USC00186350,0.0,92.0,72.0,8464.0,5184.0,2015-08-04,0,1,0,0,0,0,0
216,2015,8,5,2015-08-05,216,2,12501,46656,0.0,,USC00186350,0.0,94.0,72.0,8836.0,5184.0,2015-08-05,0,0,1,0,0,0,0
217,2015,8,6,2015-08-06,217,3,12617,47089,0.0,,USC00186350,0.0,92.0,70.0,8464.0,4900.0,2015-08-06,0,0,0,1,0,0,0
218,2015,8,7,2015-08-07,218,4,12181,47524,0.0,,USC00186350,0.03,81.0,67.0,6561.0,4489.0,2015-08-07,0,0,0,0,1,0,0
219,2015,8,8,2015-08-08,219,5,12970,47961,0.0,,USC00186350,0.0,81.0,68.0,6561.0,4624.0,2015-08-08,0,0,0,0,0,1,0
220,2015,8,9,2015-08-09,220,6,11651,48400,0.0,,USC00186350,0.0,87.0,68.0,7569.0,4624.0,2015-08-09,0,0,0,0,0,0,1
221,2015,8,10,2015-08-10,221,0,10494,48841,0.0,,USC00186350,0.5,89.0,72.0,7921.0,5184.0,2015-08-10,1,0,0,0,0,0,0
222,2015,8,11,2015-08-11,222,1,11342,49284,0.0,,USC00186350,0.31,77.0,72.0,5929.0,5184.0,2015-08-11,0,1,0,0,0,0,0
223,2015,8,12,2015-08-12,223,2,12485,49729,0.0,,USC00186350,0.05,90.0,71.0,8100.0,5041.0,2015-08-12,0,0,1,0,0,0,0
224,2015,8,13,2015-08-13,224,3,12435,50176,0.0,,USC00186350,0.0,87.0,67.0,7569.0,4489.0,2015-08-13,0,0,0,1,0,0,0
225,2015,8,14,2015-08-14,225,4,12549,50625,0.0,,USC00186350,0.0,85.0,60.0,7225.0,3600.0,2015-08-14,0,0,0,0,1,0,0
226,2015,8,15,2015-08-15,226,5,12082,51076,0.0,,USC00186350,0.0,89.0,66.0,7921.0,4356.0,2015-08-15,0,0,0,0,0,1,0
227,2015,8,16,2015-08-16,227,6,10192,51529,0.0,,USC00186350,0.0,91.0,66.0,8281.0,4356.0,2015-08-16,0,0,0,0,0,0,1
228,2015,8,17,2015-08-17,228,0,10971,51984,0.0,,USC00186350,0.0,94.0,70.0,8836.0,4900.0,2015-08-17,1,0,0,0,0,0,0
229,2015,8,18,2015-08-18,229,1,11595,52441,0.0,,USC00186350,0.0,95.0,72.0,9025.0,5184.0,2015-08-18,0,1,0,0,0,0,0
230,2015,8,19,2015-08-19,230,2,11966,52900,0.0,,USC00186350,0.0,90.0,74.0,8100.0,5476.0,2015-08-19,0,0,1,0,0,0,0
231,2015,8,20,2015-08-20,231,3,10192,53361,0.0,,USC00186350,0.2,92.0,68.0,8464.0,4624.0,2015-08-20,0,0,0,1,0,0,0
232,2015,8,21,2015-08-21,232,4,12902,53824,0.0,,USC00186350,0.03,89.0,70.0,7921.0,4900.0,2015-08-21,0,0,0,0,1,0,0
233,2015,8,22,2015-08-22,233,5,12339,54289,0.0,,USC00186350,0.0,88.0,61.0,7744.0,3721.0,2015-08-22,0,0,0,0,0,1,0
234,2015,8,23,2015-08-23,234,6,10981,54756,0.0,,USC00186350,0.0,87.0,60.0,7569.0,3600.0,2015-08-23,0,0,0,0,0,0,1
235,2015,8,24,2015-08-24,235,0,10283,55225,0.0,,USC00186350,0.0,87.0,66.0,7569.0,4356.0,2015-08-24,1,0,0,0,0,0,0
236,2015,8,25,2015-08-25,236,1,12672,55696,0.0,,USC00186350,0.28,90.0,67.0,8100.0,4489.0,2015-08-25,0,1,0,0,0,0,0
237,2015,8,26,2015-08-26,237,2,12330,56169,0.0,,USC00186350,0.0,86.0,65.0,7396.0,4225.0,2015-08-26,0,0,1,0,0,0,0
238,2015,8,27,2015-08-27,238,3,12406,56644,0.0,,USC00186350,0.0,81.0,59.0,6561.0,3481.0,2015-08-27,0,0,0,1,0,0,0
239,2015,8,28,2015-08-28,239,4,12210,57121,0.0,,USC00186350,0.0,82.0,60.0,6724.0,3600.0,2015-08-28,0,0,0,0,1,0,0
240,2015,8,29,2015-08-29,240,5,11526,57600,0.0,,USC00186350,0.0,85.0,64.0,7225.0,4096.0,2015-08-29,0,0,0,0,0,1,0
241,2015,8,30,2015-08-30,241,6,10188,58081,0.0,,USC00186350,0.0,90.0,68.0,8100.0,4624.0,2015-08-30,0,0,0,0,0,0,1
242,2015,8,31,2015-08-31,242,0,11052,58564,0.0,,USC00186350,0.0,87.0,73.0,7569.0,5329.0,2015-08-31,1,0,0,0,0,0,0
243,2015,9,1,2015-09-01,243,1,11522,59049,0.0,,USC00186350,0.0,90.0,72.0,8100.0,5184.0,2015-09-01,0,1,0,0,0,0,0
244,2015,9,2,2015-09-02,244,2,11378,59536,0.0,,USC00186350,0.0,94.0,74.0,8836.0,5476.0,2015-09-02,0,0,1,0,0,0,0
245,2015,9,3,2015-09-03,245,3,11131,60025,0.0,,USC00186350,0.0,93.0,72.0,8649.0,5184.0,2015-09-03,0,0,0,1,0,0,0
246,2015,9,4,2015-09-04,246,4,11050,60516,0.0,,USC00186350,0.17,95.0,74.0,9025.0,5476.0,2015-09-04,0,0,0,0,1,0,0
247,2015,9,5,2015-09-05,247,5,10867,61009,0.0,,USC00186350,0.0,93.0,73.0,8649.0,5329.0,2015-09-05,0,0,0,0,0,1,0
248,2015,9,6,2015-09-06,248,6,12400,61504,0.0,,USC00186350,0.0,87.0,65.0,7569.0,4225.0,2015-09-06,0,0,0,0,0,0,1
249,2015,9,7,2015-09-07,249,0,10351,62001,0.0,,USC00186350,0.0,89.0,64.0,7921.0,4096.0,2015-09-07,1,0,0,0,0,0,0
250,2015,9,8,2015-09-08,250,1,10965,62500,0.0,,USC00186350,0.0,92.0,71.0,8464.0,5041.0,2015-09-08,0,1,0,0,0,0,0
251,2015,9,9,2015-09-09,251,2,11065,63001,0.0,,USC00186350,0.0,94.0,72.0,8836.0,5184.0,2015-09-09,0,0,1,0,0,0,0
252,2015,9,10,2015-09-10,252,3,10356,63504,0.0,,USC00186350,0.12,94.0,73.0,8836.0,5329.0,2015-09-10,0,0,0,1,0,0,0
253,2015,9,11,2015-09-11,253,4,12167,64009,0.0,,USC00186350,0.0,84.0,66.0,7056.0,4356.0,2015-09-11,0,0,0,0,1,0,0
254,2015,9,12,2015-09-12,254,5,6665,64516,0.0,,USC00186350,0.0,87.0,63.0,7569.0,3969.0,2015-09-12,0,0,0,0,0,1,0
255,2015,9,13,2015-09-13,255,6,10397,65025,0.0,,USC00186350,0.18,81.0,63.0,6561.0,3969.0,2015-09-13,0,0,0,0,0,0,1
256,2015,9,14,2015-09-14,256,0,11156,65536,0.0,,USC00186350,0.0,73.0,56.0,5329.0,3136.0,2015-09-14,1,0,0,0,0,0,0
257,2015,9,15,2015-09-15,257,1,11943,66049,0.0,,USC00186350,0.0,80.0,54.0,6400.0,2916.0,2015-09-15,0,1,0,0,0,0,0
258,2015,9,16,2015-09-16,258,2,11938,66564,0.0,,USC00186350,0.0,85.0,57.0,7225.0,3249.0,2015-09-16,0,0,1,0,0,0,0
259,2015,9,17,2015-09-17,259,3,11949,67081,0.0,,USC00186350,0.0,86.0,59.0,7396.0,3481.0,2015-09-17,0,0,0,1,0,0,0
260,2015,9,18,2015-09-18,260,4,11956,67600,0.0,,USC00186350,0.0,88.0,61.0,7744.0,3721.0,2015-09-18,0,0,0,0,1,0,0
261,2015,9,19,2015-09-19,261,5,11580,68121,0.0,,USC00186350,0.0,88.0,63.0,7744.0,3969.0,2015-09-19,0,0,0,0,0,1,0
262,2015,9,20,2015-09-20,262,6,10998,68644,0.0,,USC00186350,0.0,89.0,70.0,7921.0,4900.0,2015-09-20,0,0,0,0,0,0,1
263,2015,9,21,2015-09-21,263,0,7816,69169,0.0,,USC00186350,0.0,81.0,62.0,6561.0,3844.0,2015-09-21,1,0,0,0,0,0,0
264,2015,9,22,2015-09-22,264,1,11952,69696,0.0,,USC00186350,0.24,70.0,63.0,4900.0,3969.0,2015-09-22,0,1,0,0,0,0,0
265,2015,9,23,2015-09-23,265,2,12773,70225,0.0,,USC00186350,0.0,75.0,59.0,5625.0,3481.0,2015-09-23,0,0,1,0,0,0,0
266,2015,9,24,2015-09-24,266,3,12514,70756,0.0,,USC00186350,0.0,81.0,56.0,6561.0,3136.0,2015-09-24,0,0,0,1,0,0,0
267,2015,9,25,2015-09-25,267,4,11403,71289,0.0,,USC00186350,0.0,80.0,58.0,6400.0,3364.0,2015-09-25,0,0,0,0,1,0,0
268,2015,9,26,2015-09-26,268,5,11038,71824,0.0,,USC00186350,0.0,73.0,63.0,5329.0,3969.0,2015-09-26,0,0,0,0,0,1,0
269,2015,9,27,2015-09-27,269,6,9979,72361,0.0,,USC00186350,0.0,74.0,61.0,5476.0,3721.0,2015-09-27,0,0,0,0,0,0,1
270,2015,9,28,2015-09-28,270,0,11305,72900,0.0,,USC00186350,0.0,75.0,61.0,5625.0,3721.0,2015-09-28,1,0,0,0,0,0,0
271,2015,9,29,2015-09-29,271,1,7240,73441,0.0,,USC00186350,0.0,83.0,66.0,6889.0,4356.0,2015-09-29,0,1,0,0,0,0,0
272,2015,9,30,2015-09-30,272,2,10184,73984,0.0,,USC00186350,2.13,85.0,71.0,7225.0,5041.0,2015-09-30,0,0,1,0,0,0,0
273,2015,10,1,2015-10-01,273,3,4799,74529,0.0,,USC00186350,0.22,76.0,60.0,5776.0,3600.0,2015-10-01,0,0,0,1,0,0,0
274,2015,10,2,2015-10-02,274,4,2079,75076,0.0,,USC00186350,0.98,67.0,61.0,4489.0,3721.0,2015-10-02,0,0,0,0,1,0,0
275,2015,10,3,2015-10-03,275,5,4050,75625,0.0,,USC00186350,1.15,61.0,59.0,3721.0,3481.0,2015-10-03,0,0,0,0,0,1,0
276,2015,10,4,2015-10-04,276,6,6624,76176,0.0,,USC00186350,0.1,70.0,61.0,4900.0,3721.0,2015-10-04,0,0,0,0,0,0,1
277,2015,10,5,2015-10-05,277,0,10445,76729,0.0,,USC00186350,0.01,62.0,51.0,3844.0,2601.0,2015-10-05,1,0,0,0,0,0,0
278,2015,10,6,2015-10-06,278,1,11551,77284,0.0,,USC00186350,0.0,70.0,47.0,4900.0,2209.0,2015-10-06,0,1,0,0,0,0,0
279,2015,10,7,2015-10-07,279,2,11734,77841,0.0,,USC00186350,0.0,74.0,51.0,5476.0,2601.0,2015-10-07,0,0,1,0,0,0,0
280,2015,10,8,2015-10-08,280,3,11711,78400,0.0,,USC00186350,0.0,77.0,56.0,5929.0,3136.0,2015-10-08,0,0,0,1,0,0,0
281,2015,10,9,2015-10-09,281,4,10501,78961,0.0,,USC00186350,0.0,78.0,56.0,6084.0,3136.0,2015-10-09,0,0,0,0,1,0,0
282,2015,10,10,2015-10-10,282,5,10269,79524,0.0,,USC00186350,0.49,80.0,54.0,6400.0,2916.0,2015-10-10,0,0,0,0,0,1,0
283,2015,10,11,2015-10-11,283,6,10491,80089,0.0,,USC00186350,0.0,66.0,44.0,4356.0,1936.0,2015-10-11,0,0,0,0,0,0,1
284,2015,10,12,2015-10-12,284,0,10495,80656,0.0,,USC00186350,0.0,72.0,46.0,5184.0,2116.0,2015-10-12,1,0,0,0,0,0,0
285,2015,10,13,2015-10-13,285,1,10803,81225,0.0,,USC00186350,0.0,76.0,57.0,5776.0,3249.0,2015-10-13,0,1,0,0,0,0,0
286,2015,10,14,2015-10-14,286,2,11406,81796,0.0,,USC00186350,0.0,78.0,51.0,6084.0,2601.0,2015-10-14,0,0,1,0,0,0,0
287,2015,10,15,2015-10-15,287,3,11506,82369,0.0,,USC00186350,0.0,71.0,50.0,5041.0,2500.0,2015-10-15,0,0,0,1,0,0,0
288,2015,10,16,2015-10-16,288,4,11263,82944,0.0,,USC00186350,0.0,68.0,48.0,4624.0,2304.0,2015-10-16,0,0,0,0,1,0,0
289,2015,10,17,2015-10-17,289,5,8782,83521,0.0,,USC00186350,0.0,67.0,42.0,4489.0,1764.0,2015-10-17,0,0,0,0,0,1,0
290,2015,10,18,2015-10-18,290,6,6978,84100,0.0,,USC00186350,0.0,58.0,39.0,3364.0,1521.0,2015-10-18,0,0,0,0,0,0,1
291,2015,10,19,2015-10-19,291,0,9074,84681,0.0,,USC00186350,0.0,54.0,33.0,2916.0,1089.0,2015-10-19,1,0,0,0,0,0,0
292,2015,10,20,2015-10-20,292,1,10036,85264,0.0,,USC00186350,0.0,58.0,34.0,3364.0,1156.0,2015-10-20,0,1,0,0,0,0,0
293,2015,10,21,2015-10-21,293,2,10678,85849,0.0,,USC00186350,0.0,69.0,43.0,4761.0,1849.0,2015-10-21,0,0,1,0,0,0,0
294,2015,10,22,2015-10-22,294,3,11287,86436,0.0,,USC00186350,0.0,76.0,45.0,5776.0,2025.0,2015-10-22,0,0,0,1,0,0,0
295,2015,10,23,2015-10-23,295,4,11470,87025,0.0,,USC00186350,0.0,78.0,47.0,6084.0,2209.0,2015-10-23,0,0,0,0,1,0,0
296,2015,10,24,2015-10-24,296,5,9730,87616,0.0,,USC00186350,0.0,70.0,43.0,4900.0,1849.0,2015-10-24,0,0,0,0,0,1,0
297,2015,10,25,2015-10-25,297,6,8587,88209,0.0,,USC00186350,0.04,62.0,47.0,3844.0,2209.0,2015-10-25,0,0,0,0,0,0,1
298,2015,10,26,2015-10-26,298,0,9973,88804,0.0,,USC00186350,0.03,71.0,43.0,5041.0,1849.0,2015-10-26,1,0,0,0,0,0,0
299,2015,10,27,2015-10-27,299,1,9797,89401,0.0,,USC00186350,0.0,60.0,39.0,3600.0,1521.0,2015-10-27,0,1,0,0,0,0,0
300,2015,10,28,2015-10-28,300,2,5179,90000,0.0,,USC00186350,0.04,65.0,43.0,4225.0,1849.0,2015-10-28,0,0,1,0,0,0,0
301,2015,10,29,2015-10-29,301,3,10632,90601,0.0,,USC00186350,0.84,71.0,64.0,5041.0,4096.0,2015-10-29,0,0,0,1,0,0,0
302,2015,10,30,2015-10-30,302,4,9700,91204,0.0,,USC00186350,0.0,74.0,48.0,5476.0,2304.0,2015-10-30,0,0,0,0,1,0,0
303,2015,10,31,2015-10-31,303,5,8721,91809,0.0,,USC00186350,0.0,60.0,38.0,3600.0,1444.0,2015-10-31,0,0,0,0,0,1,0
304,2015,11,1,2015-11-01,304,6,7211,92416,0.0,,USC00186350,0.05,61.0,40.0,3721.0,1600.0,2015-11-01,0,0,0,0,0,0,1
305,2015,11,2,2015-11-02,305,0,9446,93025,0.0,,USC00186350,0.01,67.0,54.0,4489.0,2916.0,2015-11-02,1,0,0,0,0,0,0
306,2015,11,3,2015-11-03,306,1,10508,93636,0.0,,USC00186350,0.0,66.0,42.0,4356.0,1764.0,2015-11-03,0,1,0,0,0,0,0
307,2015,11,4,2015-11-04,307,2,10822,94249,0.0,,USC00186350,0.0,75.0,44.0,5625.0,1936.0,2015-11-04,0,0,1,0,0,0,0
308,2015,11,5,2015-11-05,308,3,10553,94864,0.0,,USC00186350,0.24,76.0,50.0,5776.0,2500.0,2015-11-05,0,0,0,1,0,0,0
309,2015,11,6,2015-11-06,309,4,11609,95481,0.0,,USC00186350,0.02,74.0,60.0,5476.0,3600.0,2015-11-06,0,0,0,0,1,0,0
310,2015,11,7,2015-11-07,310,5,5610,96100,0.0,,USC00186350,0.08,79.0,61.0,6241.0,3721.0,2015-11-07,0,0,0,0,0,1,0
311,2015,11,8,2015-11-08,311,6,8994,96721,0.0,,USC00186350,0.15,67.0,46.0,4489.0,2116.0,2015-11-08,0,0,0,0,0,0,1
312,2015,11,9,2015-11-09,312,0,6715,97344,0.0,,USC00186350,0.0,59.0,34.0,3481.0,1156.0,2015-11-09,1,0,0,0,0,0,0
313,2015,11,10,2015-11-10,313,1,5773,97969,0.0,,USC00186350,0.72,66.0,39.0,4356.0,1521.0,2015-11-10,0,1,0,0,0,0,0
314,2015,11,11,2015-11-11,314,2,8901,98596,0.0,,USC00186350,0.1,70.0,53.0,4900.0,2809.0,2015-11-11,0,0,1,0,0,0,0
315,2015,11,12,2015-11-12,315,3,8476,99225,0.0,,USC00186350,0.0,64.0,47.0,4096.0,2209.0,2015-11-12,0,0,0,1,0,0,0
316,2015,11,13,2015-11-13,316,4,9262,99856,0.0,,USC00186350,0.0,65.0,48.0,4225.0,2304.0,2015-11-13,0,0,0,0,1,0,0
317,2015,11,14,2015-11-14,317,5,7171,100489,0.0,,USC00186350,0.0,61.0,46.0,3721.0,2116.0,2015-11-14,0,0,0,0,0,1,0
318,2015,11,15,2015-11-15,318,6,7441,101124,0.0,,USC00186350,0.0,55.0,34.0,3025.0,1156.0,2015-11-15,0,0,0,0,0,0,1
319,2015,11,16,2015-11-16,319,0,9156,101761,0.0,,USC00186350,0.0,65.0,38.0,4225.0,1444.0,2015-11-16,1,0,0,0,0,0,0
320,2015,11,17,2015-11-17,320,1,9226,102400,0.0,,USC00186350,0.0,70.0,41.0,4900.0,1681.0,2015-11-17,0,1,0,0,0,0,0
321,2015,11,18,2015-11-18,321,2,9768,103041,0.0,,USC00186350,0.0,62.0,44.0,3844.0,1936.0,2015-11-18,0,0,1,0,0,0,0
322,2015,11,19,2015-11-19,322,3,6255,103684,0.0,,USC00186350,0.06,67.0,50.0,4489.0,2500.0,2015-11-19,0,0,0,1,0,0,0
323,2015,11,20,2015-11-20,323,4,9097,104329,0.0,,USC00186350,0.66,71.0,49.0,5041.0,2401.0,2015-11-20,0,0,0,0,1,0,0
324,2015,11,21,2015-11-21,324,5,7299,104976,0.0,,USC00186350,0.0,57.0,31.0,3249.0,961.0,2015-11-21,0,0,0,0,0,1,0
325,2015,11,22,2015-11-22,325,6,4948,105625,0.0,,USC00186350,0.0,55.0,39.0,3025.0,1521.0,2015-11-22,0,0,0,0,0,0,1
326,2015,11,23,2015-11-23,326,0,6601,106276,0.0,,USC00186350,0.0,48.0,32.0,2304.0,1024.0,2015-11-23,1,0,0,0,0,0,0
327,2015,11,24,2015-11-24,327,1,7500,106929,0.0,,USC00186350,0.0,43.0,29.0,1849.0,841.0,2015-11-24,0,1,0,0,0,0,0
328,2015,11,25,2015-11-25,328,2,6864,107584,0.0,,USC00186350,0.0,55.0,34.0,3025.0,1156.0,2015-11-25,0,0,1,0,0,0,0
329,2015,11,26,2015-11-26,329,3,3394,108241,0.0,,USC00186350,0.0,58.0,35.0,3364.0,1225.0,2015-11-26,0,0,0,1,0,0,0
330,2015,11,27,2015-11-27,330,4,6240,108900,0.0,,USC00186350,0.0,64.0,38.0,4096.0,1444.0,2015-11-27,0,0,0,0,1,0,0
331,2015,11,28,2015-11-28,331,5,6418,109561,0.0,,USC00186350,0.0,67.0,43.0,4489.0,1849.0,2015-11-28,0,0,0,0,0,1,0
332,2015,11,29,2015-11-29,332,6,2877,110224,0.0,,USC00186350,0.13,67.0,43.0,4489.0,1849.0,2015-11-29,0,0,0,0,0,0,1
333,2015,11,30,2015-11-30,333,0,4160,110889,0.0,,USC00186350,0.07,50.0,40.0,2500.0,1600.0,2015-11-30,1,0,0,0,0,0,0
334,2015,12,1,2015-12-01,334,1,3954,111556,0.0,,USC00186350,0.41,53.0,38.0,2809.0,1444.0,2015-12-01,0,1,0,0,0,0,0
335,2015,12,2,2015-12-02,335,2,5740,112225,0.0,,USC00186350,0.62,59.0,53.0,3481.0,2809.0,2015-12-02,0,0,1,0,0,0,0
336,2015,12,3,2015-12-03,336,3,7969,112896,0.0,,USC00186350,0.17,64.0,42.0,4096.0,1764.0,2015-12-03,0,0,0,1,0,0,0
337,2015,12,4,2015-12-04,337,4,7940,113569,0.0,,USC00186350,0.0,50.0,35.0,2500.0,1225.0,2015-12-04,0,0,0,0,1,0,0
338,2015,12,5,2015-12-05,338,5,7086,114244,0.0,,USC00186350,0.0,51.0,30.0,2601.0,900.0,2015-12-05,0,0,0,0,0,1,0
339,2015,12,6,2015-12-06,339,6,5980,114921,0.0,,USC00186350,0.0,51.0,30.0,2601.0,900.0,2015-12-06,0,0,0,0,0,0,1
340,2015,12,7,2015-12-07,340,0,7928,115600,0.0,,USC00186350,0.0,51.0,30.0,2601.0,900.0,2015-12-07,1,0,0,0,0,0,0
341,2015,12,8,2015-12-08,341,1,8458,116281,0.0,,USC00186350,0.0,59.0,33.0,3481.0,1089.0,2015-12-08,0,1,0,0,0,0,0
342,2015,12,9,2015-12-09,342,2,7982,116964,0.0,,USC00186350,0.0,55.0,33.0,3025.0,1089.0,2015-12-09,0,0,1,0,0,0,0
343,2015,12,10,2015-12-10,343,3,8685,117649,0.0,,USC00186350,0.0,51.0,39.0,2601.0,1521.0,2015-12-10,0,0,0,1,0,0,0
344,2015,12,11,2015-12-11,344,4,8722,118336,0.0,,USC00186350,0.0,62.0,38.0,3844.0,1444.0,2015-12-11,0,0,0,0,1,0,0
345,2015,12,12,2015-12-12,345,5,8720,119025,0.0,,USC00186350,0.0,66.0,40.0,4356.0,1600.0,2015-12-12,0,0,0,0,0,1,0
346,2015,12,13,2015-12-13,346,6,8034,119716,0.0,,USC00186350,0.0,70.0,44.0,4900.0,1936.0,2015-12-13,0,0,0,0,0,0,1
347,2015,12,14,2015-12-14,347,0,6645,120409,0.0,,USC00186350,0.0,73.0,51.0,5329.0,2601.0,2015-12-14,1,0,0,0,0,0,0
348,2015,12,15,2015-12-15,348,1,8803,121104,0.0,,USC00186350,0.13,74.0,55.0,5476.0,3025.0,2015-12-15,0,1,0,0,0,0,0
349,2015,12,16,2015-12-16,349,2,8625,121801,0.0,,USC00186350,0.0,61.0,38.0,3721.0,1444.0,2015-12-16,0,0,1,0,0,0,0
350,2015,12,17,2015-12-17,350,3,4553,122500,0.0,,USC00186350,0.06,58.0,42.0,3364.0,1764.0,2015-12-17,0,0,0,1,0,0,0
351,2015,12,18,2015-12-18,351,4,6698,123201,0.0,,USC00186350,0.4,59.0,45.0,3481.0,2025.0,2015-12-18,0,0,0,0,1,0,0
352,2015,12,19,2015-12-19,352,5,4279,123904,0.0,,USC00186350,0.0,47.0,30.0,2209.0,900.0,2015-12-19,0,0,0,0,0,1,0
353,2015,12,20,2015-12-20,353,6,4219,124609,0.0,,USC00186350,0.0,45.0,27.0,2025.0,729.0,2015-12-20,0,0,0,0,0,0,1
354,2015,12,21,2015-12-21,354,0,6675,125316,0.0,,USC00186350,0.0,46.0,28.0,2116.0,784.0,2015-12-21,1,0,0,0,0,0,0
355,2015,12,22,2015-12-22,355,1,4934,126025,0.0,,USC00186350,0.16,59.0,41.0,3481.0,1681.0,2015-12-22,0,1,0,0,0,0,0
356,2015,12,23,2015-12-23,356,2,2263,126736,0.0,,USC00186350,0.02,64.0,53.0,4096.0,2809.0,2015-12-23,0,0,1,0,0,0,0
357,2015,12,24,2015-12-24,357,3,2796,127449,0.0,,USC00186350,1.79,72.0,62.0,5184.0,3844.0,2015-12-24,0,0,0,1,0,0,0
358,2015,12,25,2015-12-25,358,4,1502,128164,0.0,,USC00186350,0.1,73.0,67.0,5329.0,4489.0,2015-12-25,0,0,0,0,1,0,0
359,2015,12,26,2015-12-26,359,5,2702,128881,0.0,,USC00186350,0.41,75.0,60.0,5625.0,3600.0,2015-12-26,0,0,0,0,0,1,0
360,2015,12,27,2015-12-27,360,6,4623,129600,0.0,,USC00186350,0.02,71.0,51.0,5041.0,2601.0,2015-12-27,0,0,0,0,0,0,1
361,2015,12,28,2015-12-28,361,0,4459,130321,0.0,,USC00186350,0.0,70.0,43.0,4900.0,1849.0,2015-12-28,1,0,0,0,0,0,0
362,2015,12,29,2015-12-29,362,1,5253,131044,0.0,,USC00186350,0.91,52.0,40.0,2704.0,1600.0,2015-12-29,0,1,0,0,0,0,0
363,2015,12,30,2015-12-30,363,2,5275,131769,0.0,,USC00186350,0.02,55.0,48.0,3025.0,2304.0,2015-12-30,0,0,1,0,0,0,0
364,2015,12,31,2015-12-31,364,3,5855,132496,0.0,,USC00186350,0.08,56.0,49.0,3136.0,2401.0,2015-12-31,0,0,0,1,0,0,0
365,2016,1,1,2016-01-01,0,4,3220,0,0.0,,USC00186350,0.0,56.0,41.0,3136.0,1681.0,2016-01-01,0,0,0,0,1,0,0
366,2016,1,2,2016-01-02,1,5,4921,1,0.0,,USC00186350,0.0,46.0,31.0,2116.0,961.0,2016-01-02,0,0,0,0,0,1,0
367,2016,1,3,2016-01-03,2,6,4965,4,0.0,,USC00186350,0.0,48.0,29.0,2304.0,841.0,2016-01-03,0,0,0,0,0,0,1
368,2016,1,4,2016-01-04,3,0,5133,9,0.0,,USC00186350,0.0,53.0,29.0,2809.0,841.0,2016-01-04,1,0,0,0,0,0,0
369,2016,1,5,2016-01-05,4,1,4850,16,0.0,,USC00186350,0.0,38.0,15.0,1444.0,225.0,2016-01-05,0,1,0,0,0,0,0
370,2016,1,6,2016-01-06,5,2,5712,25,0.0,,USC00186350,0.0,34.0,16.0,1156.0,256.0,2016-01-06,0,0,1,0,0,0,0
371,2016,1,7,2016-01-07,6,3,6592,36,0.0,,USC00186350,0.0,41.0,22.0,1681.0,484.0,2016-01-07,0,0,0,1,0,0,0
372,2016,1,8,2016-01-08,7,4,6153,49,0.0,,USC00186350,0.0,43.0,35.0,1849.0,1225.0,2016-01-08,0,0,0,0,1,0,0
373,2016,1,9,2016-01-09,8,5,5314,64,0.0,,USC00186350,0.01,44.0,40.0,1936.0,1600.0,2016-01-09,0,0,0,0,0,1,0
374,2016,1,10,2016-01-10,9,6,5663,81,0.0,,USC00186350,0.74,70.0,41.0,4900.0,1681.0,2016-01-10,0,0,0,0,0,0,1
375,2016,1,11,2016-01-11,10,0,6294,100,0.0,,USC00186350,0.0,65.0,28.0,4225.0,784.0,2016-01-11,1,0,0,0,0,0,0
376,2016,1,12,2016-01-12,11,1,6490,121,0.0,,USC00186350,0.0,42.0,25.0,1764.0,625.0,2016-01-12,0,1,0,0,0,0,0
377,2016,1,13,2016-01-13,12,2,5620,144,0.0,,USC00186350,0.0,47.0,21.0,2209.0,441.0,2016-01-13,0,0,1,0,0,0,0
378,2016,1,14,2016-01-14,13,3,7164,169,0.0,,USC00186350,0.0,31.0,21.0,961.0,441.0,2016-01-14,0,0,0,1,0,0,0
379,2016,1,15,2016-01-15,14,4,5983,196,0.0,,USC00186350,0.0,53.0,26.0,2809.0,676.0,2016-01-15,0,0,0,0,1,0,0
380,2016,1,16,2016-01-16,15,5,5908,225,0.0,,USC00186350,0.35,52.0,30.0,2704.0,900.0,2016-01-16,0,0,0,0,0,1,0
381,2016,1,17,2016-01-17,16,6,3400,256,0.0,,USC00186350,0.0,53.0,32.0,2809.0,1024.0,2016-01-17,0,0,0,0,0,0,1
382,2016,1,18,2016-01-18,17,0,2499,289,0.0,,USC00186350,0.05,38.0,17.0,1444.0,289.0,2016-01-18,1,0,0,0,0,0,0
383,2016,1,19,2016-01-19,18,1,3912,324,0.0,,USC00186350,0.0,25.0,15.0,625.0,225.0,2016-01-19,0,1,0,0,0,0,0
384,2016,1,20,2016-01-20,19,2,4321,361,0.0,,USC00186350,0.0,28.0,16.0,784.0,256.0,2016-01-20,0,0,1,0,0,0,0
385,2016,1,21,2016-01-21,20,3,4228,400,0.0,,USC00186350,0.04,31.0,20.0,961.0,400.0,2016-01-21,0,0,0,1,0,0,0
386,2016,1,22,2016-01-22,21,4,2985,441,0.0,,USC00186350,0.0,34.0,20.0,1156.0,400.0,2016-01-22,0,0,0,0,1,0,0
387,2016,1,27,2016-01-27,26,2,528,676,0.0,,USC00186350,0.0,53.0,38.0,2809.0,1444.0,2016-01-27,0,0,1,0,0,0,0
388,2016,1,28,2016-01-28,27,3,2022,729,0.0,,USC00186350,0.0,43.0,18.0,1849.0,324.0,2016-01-28,0,0,0,1,0,0,0
389,2016,1,29,2016-01-29,28,4,2942,784,0.0,,USC00186350,0.0,43.0,23.0,1849.0,529.0,2016-01-29,0,0,0,0,1,0,0
390,2016,1,30,2016-01-30,29,5,2822,841,0.0,,USC00186350,0.0,42.0,20.0,1764.0,400.0,2016-01-30,0,0,0,0,0,1,0
391,2016,1,31,2016-01-31,30,6,3611,900,0.0,,USC00186350,0.0,47.0,24.0,2209.0,576.0,2016-01-31,0,0,0,0,0,0,1
392,2016,2,1,2016-02-01,31,0,4604,961,0.0,,USC00186350,0.0,62.0,43.0,3844.0,1849.0,2016-02-01,1,0,0,0,0,0,0
393,2016,2,2,2016-02-02,32,1,6584,1024,0.0,,USC00186350,0.0,60.0,33.0,3600.0,1089.0,2016-02-02,0,1,0,0,0,0,0
394,2016,2,3,2016-02-03,33,2,4243,1089,0.0,,USC00186350,0.0,53.0,34.0,2809.0,1156.0,2016-02-03,0,0,1,0,0,0,0
395,2016,2,4,2016-02-04,34,3,6691,1156,0.0,,USC00186350,0.58,62.0,42.0,3844.0,1764.0,2016-02-04,0,0,0,1,0,0,0
396,2016,2,5,2016-02-05,35,4,5822,1225,0.0,,USC00186350,0.04,51.0,36.0,2601.0,1296.0,2016-02-05,0,0,0,0,1,0,0
397,2016,2,6,2016-02-06,36,5,5042,1296,0.0,,USC00186350,0.0,44.0,26.0,1936.0,676.0,2016-02-06,0,0,0,0,0,1,0
398,2016,2,7,2016-02-07,37,6,4664,1369,0.0,,USC00186350,0.0,45.0,27.0,2025.0,729.0,2016-02-07,0,0,0,0,0,0,1
399,2016,2,8,2016-02-08,38,0,5994,1444,0.0,,USC00186350,0.0,47.0,33.0,2209.0,1089.0,2016-02-08,1,0,0,0,0,0,0
400,2016,2,9,2016-02-09,39,1,4053,1521,0.0,,USC00186350,0.12,47.0,35.0,2209.0,1225.0,2016-02-09,0,1,0,0,0,0,0
401,2016,2,10,2016-02-10,40,2,5493,1600,0.0,,USC00186350,0.07,41.0,29.0,1681.0,841.0,2016-02-10,0,0,1,0,0,0,0
402,2016,2,11,2016-02-11,41,3,4246,1681,0.0,,USC00186350,0.0,40.0,21.0,1600.0,441.0,2016-02-11,0,0,0,1,0,0,0
403,2016,2,12,2016-02-12,42,4,4363,1764,0.0,,USC00186350,0.0,30.0,17.0,900.0,289.0,2016-02-12,0,0,0,0,1,0,0
404,2016,2,13,2016-02-13,43,5,1535,1849,0.0,,USC00186350,0.02,32.0,19.0,1024.0,361.0,2016-02-13,0,0,0,0,0,1,0
405,2016,2,14,2016-02-14,44,6,1851,1936,0.0,,USC00186350,0.0,24.0,13.0,576.0,169.0,2016-02-14,0,0,0,0,0,0,1
406,2016,2,15,2016-02-15,45,0,501,2025,0.0,,USC00186350,0.15,27.0,16.0,729.0,256.0,2016-02-15,1,0,0,0,0,0,0
407,2016,2,16,2016-02-16,46,1,3238,2116,0.0,,USC00186350,0.38,53.0,24.0,2809.0,576.0,2016-02-16,0,1,0,0,0,0,0
408,2016,2,17,2016-02-17,47,2,6097,2209,0.0,,USC00186350,0.72,64.0,30.0,4096.0,900.0,2016-02-17,0,0,1,0,0,0,0
409,2016,2,18,2016-02-18,48,3,5822,2304,0.0,,USC00186350,0.0,48.0,31.0,2304.0,961.0,2016-02-18,0,0,0,1,0,0,0
410,2016,2,19,2016-02-19,49,4,5633,2401,0.0,,USC00186350,0.0,42.0,20.0,1764.0,400.0,2016-02-19,0,0,0,0,1,0,0
411,2016,2,20,2016-02-20,50,5,8245,2500,0.0,,USC00186350,0.0,46.0,25.0,2116.0,625.0,2016-02-20,0,0,0,0,0,1,0
412,2016,2,21,2016-02-21,51,6,4254,2601,0.0,,USC00186350,0.0,67.0,25.0,4489.0,625.0,2016-02-21,0,0,0,0,0,0,1
413,2016,2,22,2016-02-22,52,0,7148,2704,0.0,,USC00186350,0.07,59.0,40.0,3481.0,1600.0,2016-02-22,1,0,0,0,0,0,0
414,2016,2,23,2016-02-23,53,1,2585,2809,0.0,,USC00186350,0.14,54.0,40.0,2916.0,1600.0,2016-02-23,0,1,0,0,0,0,0
415,2016,2,24,2016-02-24,54,2,3279,2916,0.0,,USC00186350,0.53,47.0,41.0,2209.0,1681.0,2016-02-24,0,0,1,0,0,0,0
416,2016,2,25,2016-02-25,55,3,6330,3025,0.0,,USC00186350,1.13,66.0,45.0,4356.0,2025.0,2016-02-25,0,0,0,1,0,0,0
417,2016,2,26,2016-02-26,56,4,5345,3136,0.0,,USC00186350,0.0,49.0,34.0,2401.0,1156.0,2016-02-26,0,0,0,0,1,0,0
418,2016,2,27,2016-02-27,57,5,5432,3249,0.0,,USC00186350,0.0,41.0,26.0,1681.0,676.0,2016-02-27,0,0,0,0,0,1,0
419,2016,2,28,2016-02-28,58,6,8732,3364,0.0,,USC00186350,0.0,47.0,32.0,2209.0,1024.0,2016-02-28,0,0,0,0,0,0,1
420,2016,2,29,2016-02-29,59,0,7828,3481,0.0,,USC00186350,0.0,67.0,41.0,4489.0,1681.0,2016-02-29,1,0,0,0,0,0,0
421,2016,3,1,2016-03-01,60,1,8588,3600,0.0,,USC00186350,0.0,64.0,43.0,4096.0,1849.0,2016-03-01,0,1,0,0,0,0,0
422,2016,3,2,2016-03-02,61,2,5918,3721,0.0,,USC00186350,0.08,67.0,40.0,4489.0,1600.0,2016-03-02,0,0,1,0,0,0,0
423,2016,3,3,2016-03-03,62,3,5902,3844,0.0,,USC00186350,0.0,44.0,26.0,1936.0,676.0,2016-03-03,0,0,0,1,0,0,0
424,2016,3,4,2016-03-04,63,4,5345,3969,0.0,,USC00186350,0.1,43.0,32.0,1849.0,1024.0,2016-03-04,0,0,0,0,1,0,0
425,2016,3,5,2016-03-05,64,5,5334,4096,0.0,,USC00186350,0.0,42.0,34.0,1764.0,1156.0,2016-03-05,0,0,0,0,0,1,0
426,2016,3,6,2016-03-06,65,6,5899,4225,0.0,,USC00186350,0.0,45.0,34.0,2025.0,1156.0,2016-03-06,0,0,0,0,0,0,1
427,2016,3,7,2016-03-07,66,0,9003,4356,0.0,,USC00186350,0.0,52.0,32.0,2704.0,1024.0,2016-03-07,1,0,0,0,0,0,0
428,2016,3,8,2016-03-08,67,1,10558,4489,0.0,,USC00186350,0.0,67.0,40.0,4489.0,1600.0,2016-03-08,0,1,0,0,0,0,0
429,2016,3,9,2016-03-09,68,2,11214,4624,0.0,,USC00186350,0.0,79.0,43.0,6241.0,1849.0,2016-03-09,0,0,1,0,0,0,0
430,2016,3,10,2016-03-10,69,3,10954,4761,0.0,,USC00186350,0.0,83.0,50.0,6889.0,2500.0,2016-03-10,0,0,0,1,0,0,0
431,2016,3,11,2016-03-11,70,4,11219,4900,0.0,,USC00186350,0.0,80.0,61.0,6400.0,3721.0,2016-03-11,0,0,0,0,1,0,0
432,2016,3,12,2016-03-12,71,5,10428,5041,0.0,,USC00186350,0.0,74.0,48.0,5476.0,2304.0,2016-03-12,0,0,0,0,0,1,0
433,2016,3,13,2016-03-13,72,6,5194,5184,0.0,,USC00186350,0.0,60.0,51.0,3600.0,2601.0,2016-03-13,0,0,0,0,0,0,1
434,2016,3,14,2016-03-14,73,0,7671,5329,0.0,,USC00186350,0.48,60.0,50.0,3600.0,2500.0,2016-03-14,1,0,0,0,0,0,0
435,2016,3,15,2016-03-15,74,1,8558,5476,0.0,,USC00186350,0.03,54.0,46.0,2916.0,2116.0,2016-03-15,0,1,0,0,0,0,0
436,2016,3,16,2016-03-16,75,2,13356,5625,0.0,,USC00186350,0.02,65.0,45.0,4225.0,2025.0,2016-03-16,0,0,1,0,0,0,0
437,2016,3,17,2016-03-17,76,3,10673,5776,0.0,,USC00186350,0.0,75.0,43.0,5625.0,1849.0,2016-03-17,0,0,0,1,0,0,0
438,2016,3,18,2016-03-18,77,4,11429,5929,0.0,,USC00186350,0.0,69.0,43.0,4761.0,1849.0,2016-03-18,0,0,0,0,1,0,0
439,2016,3,19,2016-03-19,78,5,3227,6084,0.0,,USC00186350,0.0,68.0,43.0,4624.0,1849.0,2016-03-19,0,0,0,0,0,1,0
440,2016,3,20,2016-03-20,79,6,4532,6241,0.0,,USC00186350,0.21,46.0,37.0,2116.0,1369.0,2016-03-20,0,0,0,0,0,0,1
441,2016,3,21,2016-03-21,80,0,7580,6400,0.0,,USC00186350,0.0,43.0,35.0,1849.0,1225.0,2016-03-21,1,0,0,0,0,0,0
442,2016,3,22,2016-03-22,81,1,9763,6561,0.0,,USC00186350,0.0,54.0,31.0,2916.0,961.0,2016-03-22,0,1,0,0,0,0,0
443,2016,3,23,2016-03-23,82,2,12340,6724,0.0,,USC00186350,0.0,63.0,33.0,3969.0,1089.0,2016-03-23,0,0,1,0,0,0,0
444,2016,3,24,2016-03-24,83,3,13363,6889,0.0,,USC00186350,0.0,76.0,46.0,5776.0,2116.0,2016-03-24,0,0,0,1,0,0,0
445,2016,3,25,2016-03-25,84,4,12212,7056,0.0,,USC00186350,0.0,78.0,51.0,6084.0,2601.0,2016-03-25,0,0,0,0,1,0,0
446,2016,3,26,2016-03-26,85,5,14116,7225,0.0,,USC00186350,0.02,74.0,40.0,5476.0,1600.0,2016-03-26,0,0,0,0,0,1,0
447,2016,3,27,2016-03-27,86,6,8564,7396,0.0,,USC00186350,0.0,63.0,41.0,3969.0,1681.0,2016-03-27,0,0,0,0,0,0,1
448,2016,3,28,2016-03-28,87,0,8430,7569,0.0,,USC00186350,0.41,57.0,49.0,3249.0,2401.0,2016-03-28,1,0,0,0,0,0,0
449,2016,3,29,2016-03-29,88,1,10221,7744,0.0,,USC00186350,0.04,70.0,47.0,4900.0,2209.0,2016-03-29,0,1,0,0,0,0,0
450,2016,3,30,2016-03-30,89,2,10873,7921,0.0,,USC00186350,0.0,62.0,33.0,3844.0,1089.0,2016-03-30,0,0,1,0,0,0,0
451,2016,3,31,2016-03-31,90,3,11029,8100,0.0,,USC00186350,0.0,65.0,41.0,4225.0,1681.0,2016-03-31,0,0,0,1,0,0,0
452,2016,4,1,2016-04-01,91,4,10874,8281,0.0,,USC00186350,0.0,74.0,55.0,5476.0,3025.0,2016-04-01,0,0,0,0,1,0,0
453,2016,4,2,2016-04-02,92,5,9282,8464,0.0,,USC00186350,0.1,84.0,50.0,7056.0,2500.0,2016-04-02,0,0,0,0,0,1,0
454,2016,4,3,2016-04-03,93,6,6800,8649,0.0,,USC00186350,0.12,63.0,36.0,3969.0,1296.0,2016-04-03,0,0,0,0,0,0,1
455,2016,4,4,2016-04-04,94,0,7398,8836,0.0,,USC00186350,0.02,54.0,37.0,2916.0,1369.0,2016-04-04,1,0,0,0,0,0,0
456,2016,4,5,2016-04-05,95,1,7512,9025,0.0,,USC00186350,0.08,72.0,30.0,5184.0,900.0,2016-04-05,0,1,0,0,0,0,0
457,2016,4,6,2016-04-06,96,2,9068,9216,0.0,,USC00186350,0.0,47.0,28.0,2209.0,784.0,2016-04-06,0,0,1,0,0,0,0
458,2016,4,7,2016-04-07,97,3,5433,9409,0.0,,USC00186350,0.04,57.0,32.0,3249.0,1024.0,2016-04-07,0,0,0,1,0,0,0
459,2016,4,8,2016-04-08,98,4,9529,9604,0.0,,USC00186350,0.64,64.0,44.0,4096.0,1936.0,2016-04-08,0,0,0,0,1,0,0
460,2016,4,9,2016-04-09,99,5,4069,9801,0.0,,USC00186350,0.08,54.0,39.0,2916.0,1521.0,2016-04-09,0,0,0,0,0,1,0
461,2016,4,10,2016-04-10,100,6,7421,10000,0.0,,USC00186350,0.03,50.0,31.0,2500.0,961.0,2016-04-10,0,0,0,0,0,0,1
462,2016,4,11,2016-04-11,101,0,9456,10201,0.0,,USC00186350,0.0,53.0,34.0,2809.0,1156.0,2016-04-11,1,0,0,0,0,0,0
463,2016,4,12,2016-04-12,102,1,8583,10404,0.0,,USC00186350,0.03,74.0,48.0,5476.0,2304.0,2016-04-12,0,1,0,0,0,0,0
464,2016,4,13,2016-04-13,103,2,10131,10609,0.0,,USC00186350,0.0,65.0,40.0,4225.0,1600.0,2016-04-13,0,0,1,0,0,0,0
465,2016,4,14,2016-04-14,104,3,10523,10816,0.0,,USC00186350,0.0,60.0,36.0,3600.0,1296.0,2016-04-14,0,0,0,1,0,0,0
466,2016,4,15,2016-04-15,105,4,11395,11025,0.0,,USC00186350,0.0,65.0,38.0,4225.0,1444.0,2016-04-15,0,0,0,0,1,0,0
467,2016,4,16,2016-04-16,106,5,13505,11236,0.0,,USC00186350,0.0,66.0,41.0,4356.0,1681.0,2016-04-16,0,0,0,0,0,1,0
468,2016,4,17,2016-04-17,107,6,12367,11449,0.0,,USC00186350,0.0,73.0,41.0,5329.0,1681.0,2016-04-17,0,0,0,0,0,0,1
469,2016,4,18,2016-04-18,108,0,11882,11664,0.0,,USC00186350,0.0,76.0,47.0,5776.0,2209.0,2016-04-18,1,0,0,0,0,0,0
470,2016,4,19,2016-04-19,109,1,11927,11881,0.0,,USC00186350,0.0,83.0,51.0,6889.0,2601.0,2016-04-19,0,1,0,0,0,0,0
471,2016,4,20,2016-04-20,110,2,11650,12100,0.0,,USC00186350,0.0,83.0,43.0,6889.0,1849.0,2016-04-20,0,0,1,0,0,0,0
472,2016,4,21,2016-04-21,111,3,11447,12321,0.0,,USC00186350,0.0,73.0,50.0,5329.0,2500.0,2016-04-21,0,0,0,1,0,0,0
473,2016,4,22,2016-04-22,112,4,11093,12544,0.0,,USC00186350,0.0,75.0,54.0,5625.0,2916.0,2016-04-22,0,0,0,0,1,0,0
474,2016,4,23,2016-04-23,113,5,8487,12769,0.0,,USC00186350,0.0,74.0,62.0,5476.0,3844.0,2016-04-23,0,0,0,0,0,1,0
475,2016,4,24,2016-04-24,114,6,11948,12996,0.0,,USC00186350,0.22,72.0,44.0,5184.0,1936.0,2016-04-24,0,0,0,0,0,0,1
476,2016,4,25,2016-04-25,115,0,11694,13225,0.0,,USC00186350,0.0,71.0,48.0,5041.0,2304.0,2016-04-25,1,0,0,0,0,0,0
477,2016,4,26,2016-04-26,116,1,11718,13456,0.0,,USC00186350,0.0,80.0,53.0,6400.0,2809.0,2016-04-26,0,1,0,0,0,0,0
478,2016,4,27,2016-04-27,117,2,8360,13689,0.0,,USC00186350,0.0,86.0,55.0,7396.0,3025.0,2016-04-27,0,0,1,0,0,0,0
479,2016,4,28,2016-04-28,118,3,5195,13924,0.0,,USC00186350,0.04,56.0,52.0,3136.0,2704.0,2016-04-28,0,0,0,1,0,0,0
480,2016,4,29,2016-04-29,119,4,8258,14161,0.0,,USC00186350,0.57,56.0,48.0,3136.0,2304.0,2016-04-29,0,0,0,0,1,0,0
481,2016,4,30,2016-04-30,120,5,8511,14400,0.0,,USC00186350,0.02,56.0,48.0,3136.0,2304.0,2016-04-30,0,0,0,0,0,1,0
482,2016,5,1,2016-05-01,121,6,4376,14641,0.0,,USC00186350,0.29,59.0,51.0,3481.0,2601.0,2016-05-01,0,0,0,0,0,0,1
483,2016,5,2,2016-05-02,122,0,8139,14884,0.0,,USC00186350,0.26,62.0,55.0,3844.0,3025.0,2016-05-02,1,0,0,0,0,0,0
484,2016,5,3,2016-05-03,123,1,8132,15129,0.0,,USC00186350,0.89,80.0,60.0,6400.0,3600.0,2016-05-03,0,1,0,0,0,0,0
485,2016,5,4,2016-05-04,124,2,9625,15376,0.0,,USC00186350,0.13,75.0,55.0,5625.0,3025.0,2016-05-04,0,0,1,0,0,0,0
486,2016,5,5,2016-05-05,125,3,8726,15625,0.0,,USC00186350,0.03,60.0,50.0,3600.0,2500.0,2016-05-05,0,0,0,1,0,0,0
487,2016,5,6,2016-05-06,126,4,3102,15876,0.0,,USC00186350,0.13,57.0,51.0,3249.0,2601.0,2016-05-06,0,0,0,0,1,0,0
488,2016,5,7,2016-05-07,127,5,9225,16129,0.0,,USC00186350,0.91,60.0,53.0,3600.0,2809.0,2016-05-07,0,0,0,0,0,1,0
489,2016,5,8,2016-05-08,128,6,10803,16384,0.0,,USC00186350,0.2,65.0,55.0,4225.0,3025.0,2016-05-08,0,0,0,0,0,0,1
490,2016,5,9,2016-05-09,129,0,9164,16641,0.0,,USC00186350,0.0,73.0,44.0,5329.0,1936.0,2016-05-09,1,0,0,0,0,0,0
491,2016,5,10,2016-05-10,130,1,10242,16900,0.0,,USC00186350,0.08,67.0,56.0,4489.0,3136.0,2016-05-10,0,1,0,0,0,0,0
492,2016,5,11,2016-05-11,131,2,7669,17161,0.0,,USC00186350,0.09,64.0,54.0,4096.0,2916.0,2016-05-11,0,0,1,0,0,0,0
493,2016,5,12,2016-05-12,132,3,10805,17424,0.0,,USC00186350,0.18,65.0,55.0,4225.0,3025.0,2016-05-12,0,0,0,1,0,0,0
494,2016,5,13,2016-05-13,133,4,10106,17689,0.0,,USC00186350,0.0,68.0,63.0,4624.0,3969.0,2016-05-13,0,0,0,0,1,0,0
495,2016,5,14,2016-05-14,134,5,9389,17956,0.0,,USC00186350,0.11,78.0,50.0,6084.0,2500.0,2016-05-14,0,0,0,0,0,1,0
496,2016,5,15,2016-05-15,135,6,8507,18225,0.0,,USC00186350,0.14,76.0,49.0,5776.0,2401.0,2016-05-15,0,0,0,0,0,0,1
497,2016,5,16,2016-05-16,136,0,11357,18496,0.0,,USC00186350,0.0,76.0,42.0,5776.0,1764.0,2016-05-16,1,0,0,0,0,0,0
498,2016,5,17,2016-05-17,137,1,5374,18769,0.0,,USC00186350,0.0,69.0,47.0,4761.0,2209.0,2016-05-17,0,1,0,0,0,0,0
499,2016,5,18,2016-05-18,138,2,10583,19044,0.0,,USC00186350,0.4,60.0,55.0,3600.0,3025.0,2016-05-18,0,0,1,0,0,0,0
500,2016,5,19,2016-05-19,139,3,11720,19321,0.0,,USC00186350,0.03,69.0,55.0,4761.0,3025.0,2016-05-19,0,0,0,1,0,0,0
501,2016,5,20,2016-05-20,140,4,13860,19600,0.0,,USC00186350,0.0,73.0,49.0,5329.0,2401.0,2016-05-20,0,0,0,0,1,0,0
502,2016,5,21,2016-05-21,141,5,4432,19881,0.0,,USC00186350,0.22,78.0,51.0,6084.0,2601.0,2016-05-21,0,0,0,0,0,1,0
503,2016,5,22,2016-05-22,142,6,2851,20164,0.0,,USC00186350,0.42,78.0,51.0,6084.0,2601.0,2016-05-22,0,0,0,0,0,0,1
504,2016,5,23,2016-05-23,143,0,8048,20449,0.0,,USC00186350,0.38,65.0,57.0,4225.0,3249.0,2016-05-23,1,0,0,0,0,0,0
505,2016,5,24,2016-05-24,144,1,13235,20736,0.0,,USC00186350,0.22,76.0,61.0,5776.0,3721.0,2016-05-24,0,1,0,0,0,0,0
506,2016,5,25,2016-05-25,145,2,12786,21025,0.0,,USC00186350,0.0,83.0,57.0,6889.0,3249.0,2016-05-25,0,0,1,0,0,0,0
507,2016,5,26,2016-05-26,146,3,12188,21316,0.0,,USC00186350,0.0,85.0,59.0,7225.0,3481.0,2016-05-26,0,0,0,1,0,0,0
508,2016,5,27,2016-05-27,147,4,12139,21609,0.0,,USC00186350,0.0,86.0,61.0,7396.0,3721.0,2016-05-27,0,0,0,0,1,0,0
509,2016,5,28,2016-05-28,148,5,11560,21904,0.0,,USC00186350,0.0,92.0,71.0,8464.0,5041.0,2016-05-28,0,0,0,0,0,1,0
510,2016,5,29,2016-05-29,149,6,9069,22201,0.0,,USC00186350,0.0,92.0,64.0,8464.0,4096.0,2016-05-29,0,0,0,0,0,0,1
511,2016,5,30,2016-05-30,150,0,9930,22500,0.0,,USC00186350,0.75,87.0,70.0,7569.0,4900.0,2016-05-30,1,0,0,0,0,0,0
512,2016,5,31,2016-05-31,151,1,11578,22801,0.0,,USC00186350,0.03,83.0,70.0,6889.0,4900.0,2016-05-31,0,1,0,0,0,0,0
513,2016,6,1,2016-06-01,152,2,12355,23104,0.0,,USC00186350,0.0,89.0,67.0,7921.0,4489.0,2016-06-01,0,0,1,0,0,0,0
514,2016,6,2,2016-06-02,153,3,12366,23409,0.0,,USC00186350,0.0,90.0,67.0,8100.0,4489.0,2016-06-02,0,0,0,1,0,0,0
515,2016,6,3,2016-06-03,154,4,8517,23716,0.0,,USC00186350,0.0,84.0,68.0,7056.0,4624.0,2016-06-03,0,0,0,0,1,0,0
516,2016,6,4,2016-06-04,155,5,11991,24025,0.0,,USC00186350,0.29,81.0,73.0,6561.0,5329.0,2016-06-04,0,0,0,0,0,1,0
517,2016,6,5,2016-06-05,156,6,9378,24336,0.0,,USC00186350,0.1,83.0,74.0,6889.0,5476.0,2016-06-05,0,0,0,0,0,0,1
518,2016,6,6,2016-06-06,157,0,12468,24649,0.0,,USC00186350,0.0,85.0,70.0,7225.0,4900.0,2016-06-06,1,0,0,0,0,0,0
519,2016,6,7,2016-06-07,158,1,13271,24964,0.0,,USC00186350,0.0,87.0,71.0,7569.0,5041.0,2016-06-07,0,1,0,0,0,0,0
520,2016,6,8,2016-06-08,159,2,13586,25281,0.0,,USC00186350,0.0,88.0,63.0,7744.0,3969.0,2016-06-08,0,0,1,0,0,0,0
521,2016,6,9,2016-06-09,160,3,13423,25600,0.0,,USC00186350,0.0,73.0,53.0,5329.0,2809.0,2016-06-09,0,0,0,1,0,0,0
522,2016,6,10,2016-06-10,161,4,13730,25921,0.0,,USC00186350,0.0,83.0,60.0,6889.0,3600.0,2016-06-10,0,0,0,0,1,0,0
523,2016,6,11,2016-06-11,162,5,11993,26244,0.0,,USC00186350,0.0,83.0,61.0,6889.0,3721.0,2016-06-11,0,0,0,0,0,1,0
524,2016,6,12,2016-06-12,163,6,11023,26569,0.0,,USC00186350,0.0,96.0,72.0,9216.0,5184.0,2016-06-12,0,0,0,0,0,0,1
525,2016,6,13,2016-06-13,164,0,13161,26896,0.0,,USC00186350,0.0,93.0,63.0,8649.0,3969.0,2016-06-13,1,0,0,0,0,0,0
526,2016,6,14,2016-06-14,165,1,13949,27225,0.0,,USC00186350,0.0,81.0,64.0,6561.0,4096.0,2016-06-14,0,1,0,0,0,0,0
527,2016,6,15,2016-06-15,166,2,12954,27556,0.0,,USC00186350,0.0,83.0,63.0,6889.0,3969.0,2016-06-15,0,0,1,0,0,0,0
528,2016,6,16,2016-06-16,167,3,11056,27889,0.0,,USC00186350,0.03,84.0,67.0,7056.0,4489.0,2016-06-16,0,0,0,1,0,0,0
529,2016,6,17,2016-06-17,168,4,13290,28224,0.0,,USC00186350,0.57,88.0,67.0,7744.0,4489.0,2016-06-17,0,0,0,0,1,0,0
530,2016,6,18,2016-06-18,169,5,13550,28561,0.0,,USC00186350,0.0,83.0,63.0,6889.0,3969.0,2016-06-18,0,0,0,0,0,1,0
531,2016,6,19,2016-06-19,170,6,11830,28900,0.0,,USC00186350,0.0,86.0,66.0,7396.0,4356.0,2016-06-19,0,0,0,0,0,0,1
532,2016,6,20,2016-06-20,171,0,12912,29241,0.0,,USC00186350,0.0,90.0,65.0,8100.0,4225.0,2016-06-20,1,0,0,0,0,0,0
533,2016,6,21,2016-06-21,172,1,9513,29584,0.0,,USC00186350,0.0,93.0,75.0,8649.0,5625.0,2016-06-21,0,1,0,0,0,0,0
534,2016,6,22,2016-06-22,173,2,13902,29929,0.0,,USC00186350,1.04,91.0,70.0,8281.0,4900.0,2016-06-22,0,0,1,0,0,0,0
535,2016,6,23,2016-06-23,174,3,9435,30276,0.0,,USC00186350,0.43,84.0,70.0,7056.0,4900.0,2016-06-23,0,0,0,1,0,0,0
536,2016,6,24,2016-06-24,175,4,12405,30625,0.0,,USC00186350,0.12,81.0,72.0,6561.0,5184.0,2016-06-24,0,0,0,0,1,0,0
537,2016,6,25,2016-06-25,176,5,13600,30976,0.0,,USC00186350,0.0,86.0,71.0,7396.0,5041.0,2016-06-25,0,0,0,0,0,1,0
538,2016,6,26,2016-06-26,177,6,12356,31329,0.0,,USC00186350,0.0,86.0,62.0,7396.0,3844.0,2016-06-26,0,0,0,0,0,0,1
539,2016,6,27,2016-06-27,178,0,11922,31684,0.0,,USC00186350,0.0,87.0,66.0,7569.0,4356.0,2016-06-27,1,0,0,0,0,0,0
540,2016,6,28,2016-06-28,179,1,11064,32041,0.0,,USC00186350,0.16,87.0,70.0,7569.0,4900.0,2016-06-28,0,1,0,0,0,0,0
541,2016,6,29,2016-06-29,180,2,13778,32400,0.0,,USC00186350,0.42,87.0,71.0,7569.0,5041.0,2016-06-29,0,0,1,0,0,0,0
542,2016,6,30,2016-06-30,181,3,13319,32761,0.0,,USC00186350,0.0,83.0,62.0,6889.0,3844.0,2016-06-30,0,0,0,1,0,0,0
543,2016,7,1,2016-07-01,182,4,12405,33124,0.0,,USC00186350,0.0,86.0,69.0,7396.0,4761.0,2016-07-01,0,0,0,0,1,0,0
544,2016,7,2,2016-07-02,183,5,14072,33489,0.0,,USC00186350,0.27,90.0,69.0,8100.0,4761.0,2016-07-02,0,0,0,0,0,1,0
545,2016,7,3,2016-07-03,184,6,13036,33856,0.0,,USC00186350,0.02,81.0,64.0,6561.0,4096.0,2016-07-03,0,0,0,0,0,0,1
546,2016,7,4,2016-07-04,185,0,7600,34225,0.0,,USC00186350,0.02,75.0,65.0,5625.0,4225.0,2016-07-04,1,0,0,0,0,0,0
547,2016,7,5,2016-07-05,186,1,11970,34596,0.0,,USC00186350,0.68,72.0,66.0,5184.0,4356.0,2016-07-05,0,1,0,0,0,0,0
548,2016,7,6,2016-07-06,187,2,12448,34969,0.0,,USC00186350,0.0,93.0,72.0,8649.0,5184.0,2016-07-06,0,0,1,0,0,0,0
549,2016,7,7,2016-07-07,188,3,12218,35344,0.0,,USC00186350,0.0,93.0,77.0,8649.0,5929.0,2016-07-07,0,0,0,1,0,0,0
550,2016,7,8,2016-07-08,189,4,11581,35721,0.0,,USC00186350,0.0,93.0,76.0,8649.0,5776.0,2016-07-08,0,0,0,0,1,0,0
551,2016,7,9,2016-07-09,190,5,12198,36100,0.0,,USC00186350,0.05,93.0,77.0,8649.0,5929.0,2016-07-09,0,0,0,0,0,1,0
552,2016,7,10,2016-07-10,191,6,11981,36481,0.0,,USC00186350,0.0,94.0,73.0,8836.0,5329.0,2016-07-10,0,0,0,0,0,0,1
553,2016,7,11,2016-07-11,192,0,12710,36864,0.0,,USC00186350,0.0,88.0,67.0,7744.0,4489.0,2016-07-11,1,0,0,0,0,0,0
554,2016,7,12,2016-07-12,193,1,13168,37249,0.0,,USC00186350,0.0,89.0,68.0,7921.0,4624.0,2016-07-12,0,1,0,0,0,0,0
555,2016,7,13,2016-07-13,194,2,12520,37636,0.0,,USC00186350,0.0,87.0,73.0,7569.0,5329.0,2016-07-13,0,0,1,0,0,0,0
556,2016,7,14,2016-07-14,195,3,12086,38025,0.0,,USC00186350,0.0,91.0,73.0,8281.0,5329.0,2016-07-14,0,0,0,1,0,0,0
557,2016,7,15,2016-07-15,196,4,12613,38416,0.0,,USC00186350,0.0,97.0,73.0,9409.0,5329.0,2016-07-15,0,0,0,0,1,0,0
558,2016,7,16,2016-07-16,197,5,13837,38809,0.0,,USC00186350,0.0,93.0,73.0,8649.0,5329.0,2016-07-16,0,0,0,0,0,1,0
559,2016,7,17,2016-07-17,198,6,15526,39204,0.0,,USC00186350,0.16,95.0,71.0,9025.0,5041.0,2016-07-17,0,0,0,0,0,0,1
560,2016,7,18,2016-07-18,199,0,9729,39601,0.0,,USC00186350,0.0,93.0,70.0,8649.0,4900.0,2016-07-18,1,0,0,0,0,0,0
561,2016,7,19,2016-07-19,200,1,12325,40000,0.0,,USC00186350,0.34,95.0,72.0,9025.0,5184.0,2016-07-19,0,1,0,0,0,0,0
562,2016,7,20,2016-07-20,201,2,13300,40401,0.0,,USC00186350,1.81,91.0,70.0,8281.0,4900.0,2016-07-20,0,0,1,0,0,0,0
563,2016,7,21,2016-07-21,202,3,12862,40804,0.0,,USC00186350,0.0,90.0,67.0,8100.0,4489.0,2016-07-21,0,0,0,1,0,0,0
564,2016,7,22,2016-07-22,203,4,12105,41209,0.0,,USC00186350,0.0,91.0,73.0,8281.0,5329.0,2016-07-22,0,0,0,0,1,0,0
565,2016,7,23,2016-07-23,204,5,10261,41616,0.0,,USC00186350,0.0,94.0,77.0,8836.0,5929.0,2016-07-23,0,0,0,0,0,1,0
566,2016,7,24,2016-07-24,205,6,9615,42025,0.0,,USC00186350,0.0,97.0,76.0,9409.0,5776.0,2016-07-24,0,0,0,0,0,0,1
567,2016,7,25,2016-07-25,206,0,10275,42436,0.0,,USC00186350,0.0,95.0,77.0,9025.0,5929.0,2016-07-25,1,0,0,0,0,0,0
568,2016,7,26,2016-07-26,207,1,11150,42849,0.0,,USC00186350,0.0,99.0,77.0,9801.0,5929.0,2016-07-26,0,1,0,0,0,0,0
569,2016,7,27,2016-07-27,208,2,11568,43264,0.0,,USC00186350,0.0,94.0,80.0,8836.0,6400.0,2016-07-27,0,0,1,0,0,0,0
570,2016,7,28,2016-07-28,209,3,9366,43681,0.0,,USC00186350,0.0,94.0,79.0,8836.0,6241.0,2016-07-28,0,0,0,1,0,0,0
571,2016,7,29,2016-07-29,210,4,12151,44100,0.0,,USC00186350,1.82,94.0,76.0,8836.0,5776.0,2016-07-29,0,0,0,0,1,0,0
572,2016,7,30,2016-07-30,211,5,8938,44521,0.0,,USC00186350,0.0,91.0,76.0,8281.0,5776.0,2016-07-30,0,0,0,0,0,1,0
573,2016,7,31,2016-07-31,212,6,10844,44944,0.0,,USC00186350,0.61,89.0,75.0,7921.0,5625.0,2016-07-31,0,0,0,0,0,0,1
574,2016,8,1,2016-08-01,213,0,11951,45369,0.0,,USC00186350,0.48,93.0,74.0,8649.0,5476.0,2016-08-01,1,0,0,0,0,0,0
575,2016,8,2,2016-08-02,214,1,13374,45796,0.0,,USC00186350,0.0,92.0,74.0,8464.0,5476.0,2016-08-02,0,1,0,0,0,0,0
576,2016,8,3,2016-08-03,215,2,13591,46225,0.0,,USC00186350,0.0,90.0,70.0,8100.0,4900.0,2016-08-03,0,0,1,0,0,0,0
577,2016,8,4,2016-08-04,216,3,13555,46656,0.0,,USC00186350,0.0,85.0,68.0,7225.0,4624.0,2016-08-04,0,0,0,1,0,0,0
578,2016,8,5,2016-08-05,217,4,13186,47089,0.0,,USC00186350,0.0,86.0,72.0,7396.0,5184.0,2016-08-05,0,0,0,0,1,0,0
579,2016,8,6,2016-08-06,218,5,11340,47524,0.0,,USC00186350,0.0,83.0,75.0,6889.0,5625.0,2016-08-06,0,0,0,0,0,1,0
580,2016,8,7,2016-08-07,219,6,11962,47961,0.0,,USC00186350,0.0,92.0,70.0,8464.0,4900.0,2016-08-07,0,0,0,0,0,0,1
581,2016,8,8,2016-08-08,220,0,11926,48400,0.0,,USC00186350,0.0,92.0,68.0,8464.0,4624.0,2016-08-08,1,0,0,0,0,0,0
582,2016,8,9,2016-08-09,221,1,12424,48841,0.0,,USC00186350,0.0,91.0,66.0,8281.0,4356.0,2016-08-09,0,1,0,0,0,0,0
583,2016,8,10,2016-08-10,222,2,12258,49284,0.0,,USC00186350,0.0,83.0,73.0,6889.0,5329.0,2016-08-10,0,0,1,0,0,0,0
584,2016,8,11,2016-08-11,223,3,11466,49729,0.0,,USC00186350,0.0,94.0,79.0,8836.0,6241.0,2016-08-11,0,0,0,1,0,0,0
585,2016,8,12,2016-08-12,224,4,10853,50176,0.0,,USC00186350,0.0,95.0,80.0,9025.0,6400.0,2016-08-12,0,0,0,0,1,0,0
586,2016,8,13,2016-08-13,225,5,8717,50625,0.0,,USC00186350,0.0,96.0,81.0,9216.0,6561.0,2016-08-13,0,0,0,0,0,1,0
587,2016,8,14,2016-08-14,226,6,7708,51076,0.0,,USC00186350,0.0,98.0,81.0,9604.0,6561.0,2016-08-14,0,0,0,0,0,0,1
588,2016,8,15,2016-08-15,227,0,9240,51529,0.0,,USC00186350,0.0,99.0,74.0,9801.0,5476.0,2016-08-15,1,0,0,0,0,0,0
589,2016,8,16,2016-08-16,228,1,11316,51984,0.0,,USC00186350,0.7,96.0,74.0,9216.0,5476.0,2016-08-16,0,1,0,0,0,0,0
590,2016,8,17,2016-08-17,229,2,10988,52441,0.0,,USC00186350,0.02,94.0,79.0,8836.0,6241.0,2016-08-17,0,0,1,0,0,0,0
591,2016,8,18,2016-08-18,230,3,11821,52900,0.0,,USC00186350,0.87,94.0,74.0,8836.0,5476.0,2016-08-18,0,0,0,1,0,0,0
592,2016,8,19,2016-08-19,231,4,11915,53361,0.0,,USC00186350,0.0,92.0,72.0,8464.0,5184.0,2016-08-19,0,0,0,0,1,0,0
593,2016,8,20,2016-08-20,232,5,11534,53824,0.0,,USC00186350,0.0,92.0,72.0,8464.0,5184.0,2016-08-20,0,0,0,0,0,1,0
594,2016,8,21,2016-08-21,233,6,7252,54289,0.0,,USC00186350,0.0,93.0,72.0,8649.0,5184.0,2016-08-21,0,0,0,0,0,0,1
595,2016,8,22,2016-08-22,234,0,12349,54756,0.0,,USC00186350,0.61,92.0,67.0,8464.0,4489.0,2016-08-22,1,0,0,0,0,0,0
596,2016,8,23,2016-08-23,235,1,13042,55225,0.0,,USC00186350,0.0,85.0,64.0,7225.0,4096.0,2016-08-23,0,1,0,0,0,0,0
597,2016,8,24,2016-08-24,236,2,12753,55696,0.0,,USC00186350,0.0,86.0,64.0,7396.0,4096.0,2016-08-24,0,0,1,0,0,0,0
598,2016,8,25,2016-08-25,237,3,12524,56169,0.0,,USC00186350,0.0,88.0,65.0,7744.0,4225.0,2016-08-25,0,0,0,1,0,0,0
599,2016,8,26,2016-08-26,238,4,11296,56644,0.0,,USC00186350,0.0,88.0,71.0,7744.0,5041.0,2016-08-26,0,0,0,0,1,0,0
600,2016,8,27,2016-08-27,239,5,11197,57121,0.0,,USC00186350,0.0,95.0,76.0,9025.0,5776.0,2016-08-27,0,0,0,0,0,1,0
601,2016,8,28,2016-08-28,240,6,10528,57600,0.0,,USC00186350,0.0,93.0,72.0,8649.0,5184.0,2016-08-28,0,0,0,0,0,0,1
602,2016,8,29,2016-08-29,241,0,11433,58081,0.0,,USC00186350,0.0,92.0,71.0,8464.0,5041.0,2016-08-29,1,0,0,0,0,0,0
603,2016,8,30,2016-08-30,242,1,12216,58564,0.0,,USC00186350,0.0,93.0,72.0,8649.0,5184.0,2016-08-30,0,1,0,0,0,0,0
604,2016,8,31,2016-08-31,243,2,11613,59049,0.0,,USC00186350,0.0,92.0,68.0,8464.0,4624.0,2016-08-31,0,0,1,0,0,0,0
605,2016,9,1,2016-09-01,244,3,9998,59536,0.0,,USC00186350,0.07,93.0,69.0,8649.0,4761.0,2016-09-01,0,0,0,1,0,0,0
606,2016,9,2,2016-09-02,245,4,12715,60025,0.0,,USC00186350,0.0,83.0,65.0,6889.0,4225.0,2016-09-02,0,0,0,0,1,0,0
607,2016,9,3,2016-09-03,246,5,11027,60516,0.0,,USC00186350,0.0,81.0,66.0,6561.0,4356.0,2016-09-03,0,0,0,0,0,1,0
608,2016,9,4,2016-09-04,247,6,12790,61009,0.0,,USC00186350,0.07,81.0,67.0,6561.0,4489.0,2016-09-04,0,0,0,0,0,0,1
609,2016,9,5,2016-09-05,248,0,11220,61504,0.0,,USC00186350,0.0,83.0,60.0,6889.0,3600.0,2016-09-05,1,0,0,0,0,0,0
610,2016,9,6,2016-09-06,249,1,11752,62001,0.0,,USC00186350,0.0,88.0,71.0,7744.0,5041.0,2016-09-06,0,1,0,0,0,0,0
611,2016,9,7,2016-09-07,250,2,11028,62500,0.0,,USC00186350,0.0,93.0,68.0,8649.0,4624.0,2016-09-07,0,0,1,0,0,0,0
612,2016,9,8,2016-09-08,251,3,11470,63001,0.0,,USC00186350,0.03,93.0,71.0,8649.0,5041.0,2016-09-08,0,0,0,1,0,0,0
613,2016,9,9,2016-09-09,252,4,11415,63504,0.0,,USC00186350,0.0,96.0,73.0,9216.0,5329.0,2016-09-09,0,0,0,0,1,0,0
614,2016,9,10,2016-09-10,253,5,10376,64009,0.0,,USC00186350,0.0,96.0,73.0,9216.0,5329.0,2016-09-09,0,0,0,0,0,1,0
615,2016,9,11,2016-09-11,254,6,11585,64516,0.0,,USC00186350,0.0,95.0,78.0,9025.0,6084.0,2016-09-11,0,0,0,0,0,0,1
616,2016,9,12,2016-09-12,255,0,12311,65025,0.0,,USC00186350,0.0,86.0,63.0,7396.0,3969.0,2016-09-12,1,0,0,0,0,0,0
617,2016,9,13,2016-09-13,256,1,12805,65536,0.0,,USC00186350,0.0,85.0,63.0,7225.0,3969.0,2016-09-13,0,1,0,0,0,0,0
618,2016,9,14,2016-09-14,257,2,12525,66049,0.0,,USC00186350,0.0,89.0,63.0,7921.0,3969.0,2016-09-14,0,0,1,0,0,0,0
619,2016,9,15,2016-09-15,258,3,13273,66564,0.0,,USC00186350,0.0,94.0,70.0,8836.0,4900.0,2016-09-15,0,0,0,1,0,0,0
620,2016,9,16,2016-09-16,259,4,13211,67081,0.0,,USC00186350,0.0,78.0,64.0,6084.0,4096.0,2016-09-16,0,0,0,0,1,0,0
621,2016,9,17,2016-09-17,260,5,12902,67600,0.0,,USC00186350,0.0,80.0,64.0,6400.0,4096.0,2016-09-17,0,0,0,0,0,1,0
622,2016,9,18,2016-09-18,261,6,11347,68121,0.0,,USC00186350,0.0,84.0,69.0,7056.0,4761.0,2016-09-18,0,0,0,0,0,0,1
623,2016,9,19,2016-09-19,262,0,8464,68644,0.0,,USC00186350,0.02,86.0,73.0,7396.0,5329.0,2016-09-19,1,0,0,0,0,0,0
624,2016,9,20,2016-09-20,263,1,12630,69169,0.0,,USC00186350,0.39,83.0,73.0,6889.0,5329.0,2016-09-20,0,1,0,0,0,0,0
625,2016,9,21,2016-09-21,264,2,12489,69696,0.0,,USC00186350,0.0,80.0,71.0,6400.0,5041.0,2016-09-21,0,0,1,0,0,0,0
626,2016,9,22,2016-09-22,265,3,12730,70225,0.0,,USC00186350,0.0,83.0,65.0,6889.0,4225.0,2016-09-22,0,0,0,1,0,0,0
627,2016,9,23,2016-09-23,266,4,13342,70756,0.0,,USC00186350,0.0,83.0,63.0,6889.0,3969.0,2016-09-23,0,0,0,0,1,0,0
628,2016,9,24,2016-09-24,267,5,13106,71289,0.0,,USC00186350,0.0,92.0,62.0,8464.0,3844.0,2016-09-24,0,0,0,0,0,1,0
629,2016,9,25,2016-09-25,268,6,11949,71824,0.0,,USC00186350,0.0,78.0,54.0,6084.0,2916.0,2016-09-25,0,0,0,0,0,0,1
630,2016,9,26,2016-09-26,269,0,11452,72361,0.0,,USC00186350,0.0,76.0,58.0,5776.0,3364.0,2016-09-26,1,0,0,0,0,0,0
631,2016,9,27,2016-09-27,270,1,12357,72900,0.0,,USC00186350,0.31,74.0,62.0,5476.0,3844.0,2016-09-27,0,1,0,0,0,0,0
632,2016,9,28,2016-09-28,271,2,7727,73441,0.0,,USC00186350,0.0,78.0,62.0,6084.0,3844.0,2016-09-28,0,0,1,0,0,0,0
633,2016,9,29,2016-09-29,272,3,5886,73984,0.0,,USC00186350,1.3,79.0,62.0,6241.0,3844.0,2016-09-29,0,0,0,1,0,0,0
634,2016,9,30,2016-09-30,273,4,8526,74529,0.0,,USC00186350,0.59,73.0,70.0,5329.0,4900.0,2016-09-30,0,0,0,0,1,0,0
635,2016,10,1,2016-10-01,274,5,6629,75076,0.0,,USC00186350,0.06,76.0,70.0,5776.0,4900.0,2016-10-01,0,0,0,0,0,1,0
636,2016,10,2,2016-10-02,275,6,10444,75625,0.0,,USC00186350,0.09,80.0,72.0,6400.0,5184.0,2016-10-02,0,0,0,0,0,0,1
637,2016,10,3,2016-10-03,276,0,12301,76176,0.0,,USC00186350,0.0,79.0,66.0,6241.0,4356.0,2016-10-03,1,0,0,0,0,0,0
638,2016,10,4,2016-10-04,277,1,12794,76729,0.0,,USC00186350,0.0,77.0,56.0,5929.0,3136.0,2016-10-04,0,1,0,0,0,0,0
639,2016,10,5,2016-10-05,278,2,12590,77284,0.0,,USC00186350,0.0,76.0,56.0,5776.0,3136.0,2016-10-05,0,0,1,0,0,0,0
640,2016,10,6,2016-10-06,279,3,12362,77841,0.0,,USC00186350,0.0,72.0,56.0,5184.0,3136.0,2016-10-06,0,0,0,1,0,0,0
641,2016,10,7,2016-10-07,280,4,13195,78400,0.0,,USC00186350,0.0,70.0,60.0,4900.0,3600.0,2016-10-07,0,0,0,0,1,0,0
642,2016,10,8,2016-10-08,281,5,5125,78961,0.0,,USC00186350,0.0,74.0,61.0,5476.0,3721.0,2016-10-08,0,0,0,0,0,1,0
643,2016,10,9,2016-10-09,282,6,10026,79524,0.0,,USC00186350,0.37,74.0,56.0,5476.0,3136.0,2016-10-09,0,0,0,0,0,0,1
644,2016,10,10,2016-10-10,283,0,10415,80089,0.0,,USC00186350,0.0,69.0,48.0,4761.0,2304.0,2016-10-10,1,0,0,0,0,0,0
645,2016,10,11,2016-10-11,284,1,11529,80656,0.0,,USC00186350,0.0,66.0,41.0,4356.0,1681.0,2016-10-11,0,1,0,0,0,0,0
646,2016,10,12,2016-10-12,285,2,11797,81225,0.0,,USC00186350,0.0,68.0,41.0,4624.0,1681.0,2016-10-12,0,0,1,0,0,0,0
647,2016,10,13,2016-10-13,286,3,12239,81796,0.0,,USC00186350,0.0,72.0,45.0,5184.0,2025.0,2016-10-13,0,0,0,1,0,0,0
648,2016,10,14,2016-10-14,287,4,12471,82369,0.0,,USC00186350,0.0,73.0,44.0,5329.0,1936.0,2016-10-14,0,0,0,0,1,0,0
649,2016,10,15,2016-10-15,288,5,12319,82944,0.0,,USC00186350,0.0,65.0,43.0,4225.0,1849.0,2016-10-15,0,0,0,0,0,1,0
650,2016,10,16,2016-10-16,289,6,11253,83521,0.0,,USC00186350,0.0,70.0,47.0,4900.0,2209.0,2016-10-16,0,0,0,0,0,0,1
651,2016,10,17,2016-10-17,290,0,11905,84100,0.0,,USC00186350,0.0,74.0,54.0,5476.0,2916.0,2016-10-17,1,0,0,0,0,0,0
652,2016,10,18,2016-10-18,291,1,12986,84681,0.0,,USC00186350,0.0,83.0,59.0,6889.0,3481.0,2016-10-18,0,1,0,0,0,0,0
653,2016,10,19,2016-10-19,292,2,12921,85264,0.0,,USC00186350,0.0,84.0,62.0,7056.0,3844.0,2016-10-19,0,0,1,0,0,0,0
654,2016,10,20,2016-10-20,293,3,13020,85849,0.0,,USC00186350,0.0,87.0,67.0,7569.0,4489.0,2016-10-20,0,0,0,1,0,0,0
655,2016,10,21,2016-10-21,294,4,10585,86436,0.0,,USC00186350,0.0,84.0,66.0,7056.0,4356.0,2016-10-21,0,0,0,0,1,0,0
656,2016,10,22,2016-10-22,295,5,8904,87025,0.0,,USC00186350,0.32,80.0,53.0,6400.0,2809.0,2016-10-22,0,0,0,0,0,1,0
657,2016,10,23,2016-10-23,296,6,9605,87616,0.0,,USC00186350,0.0,60.0,47.0,3600.0,2209.0,2016-10-23,0,0,0,0,0,0,1
658,2016,10,24,2016-10-24,297,0,10800,88209,0.0,,USC00186350,0.0,68.0,48.0,4624.0,2304.0,2016-10-24,1,0,0,0,0,0,0
659,2016,10,25,2016-10-25,298,1,11181,88804,0.0,,USC00186350,0.0,71.0,42.0,5041.0,1764.0,2016-10-25,0,1,0,0,0,0,0
660,2016,10,26,2016-10-26,299,2,10697,89401,0.0,,USC00186350,0.0,63.0,36.0,3969.0,1296.0,2016-10-26,0,0,1,0,0,0,0
661,2016,10,27,2016-10-27,300,3,9280,90000,0.0,,USC00186350,0.0,58.0,36.0,3364.0,1296.0,2016-10-27,0,0,0,1,0,0,0
662,2016,10,28,2016-10-28,301,4,10627,90601,0.0,,USC00186350,0.06,64.0,47.0,4096.0,2209.0,2016-10-28,0,0,0,0,1,0,0
663,2016,10,29,2016-10-29,302,5,11615,91204,0.0,,USC00186350,0.0,63.0,40.0,3969.0,1600.0,2016-10-29,0,0,0,0,0,1,0
664,2016,10,30,2016-10-30,303,6,10902,91809,0.0,,USC00186350,0.0,74.0,45.0,5476.0,2025.0,2016-10-30,0,0,0,0,0,0,1
665,2016,10,31,2016-10-31,304,0,10726,92416,0.0,,USC00186350,0.03,80.0,49.0,6400.0,2401.0,2016-10-31,1,0,0,0,0,0,0
666,2016,11,1,2016-11-01,305,1,11369,93025,0.0,,USC00186350,0.0,62.0,42.0,3844.0,1764.0,2016-11-01,0,1,0,0,0,0,0
667,2016,11,2,2016-11-02,306,2,12123,93636,0.0,,USC00186350,0.0,60.0,45.0,3600.0,2025.0,2016-11-02,0,0,1,0,0,0,0
668,2016,11,3,2016-11-03,307,3,11958,94249,0.0,,USC00186350,0.0,74.0,54.0,5476.0,2916.0,2016-11-03,0,0,0,1,0,0,0
669,2016,11,4,2016-11-04,308,4,11980,94864,0.0,,USC00186350,0.0,80.0,54.0,6400.0,2916.0,2016-11-04,0,0,0,0,1,0,0
670,2016,11,5,2016-11-05,309,5,11303,95481,0.0,,USC00186350,0.0,64.0,37.0,4096.0,1369.0,2016-11-05,0,0,0,0,0,1,0
671,2016,11,6,2016-11-06,310,6,9840,96100,0.0,,USC00186350,0.0,68.0,46.0,4624.0,2116.0,2016-11-06,0,0,0,0,0,0,1
672,2016,11,7,2016-11-07,311,0,10155,96721,0.0,,USC00186350,0.0,69.0,40.0,4761.0,1600.0,2016-11-07,1,0,0,0,0,0,0
673,2016,11,8,2016-11-08,312,1,12026,97344,0.0,,USC00186350,0.0,61.0,35.0,3721.0,1225.0,2016-11-08,0,1,0,0,0,0,0
674,2016,11,9,2016-11-09,313,2,7399,97969,0.0,,USC00186350,0.03,69.0,36.0,4761.0,1296.0,2016-11-09,0,0,1,0,0,0,0
675,2016,11,10,2016-11-10,314,3,10251,98596,0.0,,USC00186350,0.14,69.0,36.0,4761.0,1296.0,2016-11-10,0,0,0,1,0,0,0
676,2016,11,11,2016-11-11,315,4,9848,99225,0.0,,USC00186350,0.0,61.0,38.0,3721.0,1444.0,2016-11-11,0,0,0,0,1,0,0
677,2016,11,12,2016-11-12,316,5,8327,99856,0.0,,USC00186350,0.0,65.0,35.0,4225.0,1225.0,2016-11-12,0,0,0,0,0,1,0
678,2016,11,13,2016-11-13,317,6,8155,100489,0.0,,USC00186350,0.0,53.0,31.0,2809.0,961.0,2016-11-13,0,0,0,0,0,0,1
679,2016,11,14,2016-11-14,318,0,9210,101124,0.0,,USC00186350,0.0,64.0,32.0,4096.0,1024.0,2016-11-14,1,0,0,0,0,0,0
680,2016,11,15,2016-11-15,319,1,10395,101761,0.0,,USC00186350,0.0,58.0,32.0,3364.0,1024.0,2016-11-15,0,1,0,0,0,0,0
681,2016,11,16,2016-11-16,320,2,10046,102400,0.0,,USC00186350,0.0,64.0,37.0,4096.0,1369.0,2016-11-16,0,0,1,0,0,0,0
682,2016,11,17,2016-11-17,321,3,10495,103041,0.0,,USC00186350,0.02,64.0,37.0,4096.0,1369.0,2016-11-17,0,0,0,1,0,0,0
683,2016,11,18,2016-11-18,322,4,11253,103684,0.0,,USC00186350,0.0,62.0,37.0,3844.0,1369.0,2016-11-18,0,0,0,0,1,0,0
684,2016,11,19,2016-11-19,323,5,8247,104329,0.0,,USC00186350,0.0,72.0,37.0,5184.0,1369.0,2016-11-19,0,0,0,0,0,1,0
685,2016,11,20,2016-11-20,324,6,3826,104976,0.0,,USC00186350,0.0,71.0,38.0,5041.0,1444.0,2016-11-20,0,0,0,0,0,0,1
686,2016,11,21,2016-11-21,325,0,6826,105625,0.0,,USC00186350,0.0,46.0,35.0,2116.0,1225.0,2016-11-21,1,0,0,0,0,0,0
687,2016,11,22,2016-11-22,326,1,7626,106276,0.0,,USC00186350,0.0,45.0,32.0,2025.0,1024.0,2016-11-22,0,1,0,0,0,0,0
688,2016,11,23,2016-11-23,327,2,6903,106929,0.0,,USC00186350,0.0,49.0,27.0,2401.0,729.0,2016-11-23,0,0,1,0,0,0,0
689,2016,11,24,2016-11-24,328,3,3328,107584,0.0,,USC00186350,0.0,52.0,27.0,2704.0,729.0,2016-11-24,0,0,0,1,0,0,0
690,2016,11,25,2016-11-25,329,4,5831,108241,0.0,,USC00186350,0.0,61.0,43.0,3721.0,1849.0,2016-11-25,0,0,0,0,1,0,0
691,2016,11,26,2016-11-26,330,5,4991,108900,0.0,,USC00186350,0.0,59.0,41.0,3481.0,1681.0,2016-11-26,0,0,0,0,0,1,0
692,2016,11,27,2016-11-27,331,6,4867,109561,0.0,,USC00186350,0.0,51.0,34.0,2601.0,1156.0,2016-11-27,0,0,0,0,0,0,1
693,2016,11,28,2016-11-28,332,0,8027,110224,0.0,,USC00186350,0.0,52.0,30.0,2704.0,900.0,2016-11-28,1,0,0,0,0,0,0
694,2016,11,29,2016-11-29,333,1,6331,110889,0.0,,USC00186350,0.03,54.0,30.0,2916.0,900.0,2016-11-29,0,1,0,0,0,0,0
695,2016,11,30,2016-11-30,334,2,6170,111556,0.0,,USC00186350,0.16,65.0,49.0,4225.0,2401.0,2016-11-30,0,0,1,0,0,0,0
696,2016,12,1,2016-12-01,335,3,9131,112225,0.0,,USC00186350,0.63,74.0,51.0,5476.0,2601.0,2016-12-01,0,0,0,1,0,0,0
697,2016,12,2,2016-12-02,336,4,8411,112896,0.0,,USC00186350,0.0,57.0,43.0,3249.0,1849.0,2016-12-02,0,0,0,0,1,0,0
698,2016,12,3,2016-12-03,337,5,6209,113569,0.0,,USC00186350,0.0,52.0,42.0,2704.0,1764.0,2016-12-03,0,0,0,0,0,1,0
699,2016,12,4,2016-12-04,338,6,5264,114244,0.0,,USC00186350,0.0,50.0,37.0,2500.0,1369.0,2016-12-04,0,0,0,0,0,0,1
700,2016,12,5,2016-12-05,339,0,8210,114921,0.0,,USC00186350,0.34,47.0,40.0,2209.0,1600.0,2016-12-05,1,0,0,0,0,0,0
701,2016,12,6,2016-12-06,340,1,3893,115600,0.0,,USC00186350,0.0,55.0,41.0,3025.0,1681.0,2016-12-06,0,1,0,0,0,0,0
702,2016,12,7,2016-12-07,341,2,8655,116281,0.0,,USC00186350,1.06,51.0,41.0,2601.0,1681.0,2016-12-07,0,0,1,0,0,0,0
703,2016,12,8,2016-12-08,342,3,7993,116964,0.0,,USC00186350,0.0,50.0,32.0,2500.0,1024.0,2016-12-08,0,0,0,1,0,0,0
704,2016,12,9,2016-12-09,343,4,6419,117649,0.0,,USC00186350,0.0,47.0,30.0,2209.0,900.0,2016-12-09,0,0,0,0,1,0,0
705,2016,12,10,2016-12-10,344,5,4202,118336,0.0,,USC00186350,0.0,39.0,28.0,1521.0,784.0,2016-12-10,0,0,0,0,0,1,0
706,2016,12,11,2016-12-11,345,6,3815,119025,0.0,,USC00186350,0.0,36.0,25.0,1296.0,625.0,2016-12-11,0,0,0,0,0,0,1
707,2016,12,12,2016-12-12,346,0,7037,119716,0.0,,USC00186350,0.17,46.0,31.0,2116.0,961.0,2016-12-12,1,0,0,0,0,0,0
708,2016,12,13,2016-12-13,347,1,7743,120409,0.0,,USC00186350,0.0,54.0,36.0,2916.0,1296.0,2016-12-13,0,1,0,0,0,0,0
709,2016,12,14,2016-12-14,348,2,7610,121104,0.0,,USC00186350,0.0,47.0,36.0,2209.0,1296.0,2016-12-14,0,0,1,0,0,0,0
710,2016,12,15,2016-12-15,349,3,4556,121801,0.0,,USC00186350,0.0,47.0,28.0,2209.0,784.0,2016-12-15,0,0,0,1,0,0,0
711,2016,12,16,2016-12-16,350,4,4517,122500,0.0,,USC00186350,0.0,28.0,16.0,784.0,256.0,2016-12-16,0,0,0,0,1,0,0
712,2016,12,17,2016-12-17,351,5,2319,123201,0.0,,USC00186350,0.8,30.0,17.0,900.0,289.0,2016-12-17,0,0,0,0,0,1,0
713,2016,12,18,2016-12-18,352,6,3313,123904,0.0,,USC00186350,0.07,60.0,17.0,3600.0,289.0,2016-12-18,0,0,0,0,0,0,1
714,2016,12,19,2016-12-19,353,0,6328,124609,0.0,,USC00186350,0.0,65.0,31.0,4225.0,961.0,2016-12-19,1,0,0,0,0,0,0
715,2016,12,20,2016-12-20,354,1,6106,125316,0.0,,USC00186350,0.0,36.0,22.0,1296.0,484.0,2016-12-20,0,1,0,0,0,0,0
716,2016,12,21,2016-12-21,355,2,6587,126025,0.0,,USC00186350,0.0,37.0,23.0,1369.0,529.0,2016-12-21,0,0,1,0,0,0,0
717,2016,12,22,2016-12-22,356,3,6187,126736,0.0,,USC00186350,0.0,49.0,26.0,2401.0,676.0,2016-12-22,0,0,0,1,0,0,0
718,2016,12,23,2016-12-23,357,4,4209,127449,0.0,,USC00186350,0.0,57.0,28.0,3249.0,784.0,2016-12-23,0,0,0,0,1,0,0
719,2016,12,24,2016-12-24,358,5,1372,128164,0.0,,USC00186350,0.55,47.0,29.0,2209.0,841.0,2016-12-24,0,0,0,0,0,1,0
720,2016,12,25,2016-12-25,359,6,2155,128881,0.0,,USC00186350,0.08,51.0,34.0,2601.0,1156.0,2016-12-25,0,0,0,0,0,0,1
721,2016,12,26,2016-12-26,360,0,2361,129600,0.0,,USC00186350,0.0,50.0,32.0,2500.0,1024.0,2016-12-26,1,0,0,0,0,0,0
722,2016,12,27,2016-12-27,361,1,5803,130321,0.0,,USC00186350,0.0,57.0,39.0,3249.0,1521.0,2016-12-27,0,1,0,0,0,0,0
723,2016,12,28,2016-12-28,362,2,6396,131044,0.0,,USC00186350,0.0,65.0,37.0,4225.0,1369.0,2016-12-28,0,0,1,0,0,0,0
724,2016,12,29,2016-12-29,363,3,4254,131769,0.0,,USC00186350,0.24,49.0,32.0,2401.0,1024.0,2016-12-29,0,0,0,1,0,0,0
725,2016,12,30,2016-12-30,364,4,4447,132496,0.0,,USC00186350,0.0,50.0,34.0,2500.0,1156.0,2016-12-30,0,0,0,0,1,0,0
726,2016,12,31,2016-12-31,365,5,3217,133225,0.0,,USC00186350,0.0,42.0,27.0,1764.0,729.0,2016-12-31,0,0,0,0,0,1,0
