,Year,Month,Day,startdate,timeDelt,startweekday,totalRents,timeDelt_sq,holiday,station,name,tmax,tmin,startdate2,tmax_sq,tmin_sq,day_0,day_1,day_2,day_3,day_4,day_5,day_6
0,2016,1,1,2016-01-01,0,4,3220,0,0.0,USC00186350,"NATIONAL ARBORETUM DC, MD US",56.0,41.0,2016-01-01,3136.0,1681.0,0,0,0,0,1,0,0
1,2016,1,2,2016-01-02,1,5,4921,1,0.0,USC00186350,"NATIONAL ARBORETUM DC, MD US",46.0,31.0,2016-01-02,2116.0,961.0,0,0,0,0,0,1,0
2,2016,1,3,2016-01-03,2,6,4965,4,0.0,USC00186350,"NATIONAL ARBORETUM DC, MD US",48.0,29.0,2016-01-03,2304.0,841.0,0,0,0,0,0,0,1
3,2016,1,4,2016-01-04,3,0,5133,9,0.0,USC00186350,"NATIONAL ARBORETUM DC, MD US",53.0,29.0,2016-01-04,2809.0,841.0,1,0,0,0,0,0,0
4,2016,1,5,2016-01-05,4,1,4850,16,0.0,USC00186350,"NATIONAL ARBORETUM DC, MD US",38.0,15.0,2016-01-05,1444.0,225.0,0,1,0,0,0,0,0
5,2016,1,6,2016-01-06,5,2,5712,25,0.0,USC00186350,"NATIONAL ARBORETUM DC, MD US",34.0,16.0,2016-01-06,1156.0,256.0,0,0,1,0,0,0,0
6,2016,1,7,2016-01-07,6,3,6592,36,0.0,USC00186350,"NATIONAL ARBORETUM DC, MD US",41.0,22.0,2016-01-07,1681.0,484.0,0,0,0,1,0,0,0
7,2016,1,8,2016-01-08,7,4,6153,49,0.0,USC00186350,"NATIONAL ARBORETUM DC, MD US",43.0,35.0,2016-01-08,1849.0,1225.0,0,0,0,0,1,0,0
8,2016,1,9,2016-01-09,8,5,5314,64,0.0,USC00186350,"NATIONAL ARBORETUM DC, MD US",44.0,40.0,2016-01-09,1936.0,1600.0,0,0,0,0,0,1,0
9,2016,1,10,2016-01-10,9,6,5663,81,0.0,USC00186350,"NATIONAL ARBORETUM DC, MD US",70.0,41.0,2016-01-10,4900.0,1681.0,0,0,0,0,0,0,1
10,2016,1,11,2016-01-11,10,0,6294,100,0.0,USC00186350,"NATIONAL ARBORETUM DC, MD US",65.0,28.0,2016-01-11,4225.0,784.0,1,0,0,0,0,0,0
11,2016,1,12,2016-01-12,11,1,6490,121,0.0,USC00186350,"NATIONAL ARBORETUM DC, MD US",42.0,25.0,2016-01-12,1764.0,625.0,0,1,0,0,0,0,0
12,2016,1,13,2016-01-13,12,2,5620,144,0.0,USC00186350,"NATIONAL ARBORETUM DC, MD US",47.0,21.0,2016-01-13,2209.0,441.0,0,0,1,0,0,0,0
13,2016,1,14,2016-01-14,13,3,7164,169,0.0,USC00186350,"NATIONAL ARBORETUM DC, MD US",31.0,21.0,2016-01-14,961.0,441.0,0,0,0,1,0,0,0
14,2016,1,15,2016-01-15,14,4,5983,196,0.0,USC00186350,"NATIONAL ARBORETUM DC, MD US",53.0,26.0,2016-01-15,2809.0,676.0,0,0,0,0,1,0,0
15,2016,1,16,2016-01-16,15,5,5908,225,0.0,USC00186350,"NATIONAL ARBORETUM DC, MD US",52.0,30.0,2016-01-16,2704.0,900.0,0,0,0,0,0,1,0
16,2016,1,17,2016-01-17,16,6,3400,256,0.0,USC00186350,"NATIONAL ARBORETUM DC, MD US",53.0,32.0,2016-01-17,2809.0,1024.0,0,0,0,0,0,0,1
17,2016,1,18,2016-01-18,17,0,2499,289,0.0,USC00186350,"NATIONAL ARBORETUM DC, MD US",38.0,17.0,2016-01-18,1444.0,289.0,1,0,0,0,0,0,0
18,2016,1,19,2016-01-19,18,1,3912,324,0.0,USC00186350,"NATIONAL ARBORETUM DC, MD US",25.0,15.0,2016-01-19,625.0,225.0,0,1,0,0,0,0,0
19,2016,1,20,2016-01-20,19,2,4321,361,0.0,USC00186350,"NATIONAL ARBORETUM DC, MD US",28.0,16.0,2016-01-20,784.0,256.0,0,0,1,0,0,0,0
20,2016,1,21,2016-01-21,20,3,4228,400,0.0,USC00186350,"NATIONAL ARBORETUM DC, MD US",31.0,20.0,2016-01-21,961.0,400.0,0,0,0,1,0,0,0
21,2016,1,22,2016-01-22,21,4,2985,441,0.0,USC00186350,"NATIONAL ARBORETUM DC, MD US",34.0,20.0,2016-01-22,1156.0,400.0,0,0,0,0,1,0,0
22,2016,1,27,2016-01-27,26,2,528,676,0.0,USC00186350,"NATIONAL ARBORETUM DC, MD US",53.0,38.0,2016-01-27,2809.0,1444.0,0,0,1,0,0,0,0
23,2016,1,28,2016-01-28,27,3,2022,729,0.0,USC00186350,"NATIONAL ARBORETUM DC, MD US",43.0,18.0,2016-01-28,1849.0,324.0,0,0,0,1,0,0,0
24,2016,1,29,2016-01-29,28,4,2942,784,0.0,USC00186350,"NATIONAL ARBORETUM DC, MD US",43.0,23.0,2016-01-29,1849.0,529.0,0,0,0,0,1,0,0
25,2016,1,30,2016-01-30,29,5,2822,841,0.0,USC00186350,"NATIONAL ARBORETUM DC, MD US",42.0,20.0,2016-01-30,1764.0,400.0,0,0,0,0,0,1,0
26,2016,1,31,2016-01-31,30,6,3611,900,0.0,USC00186350,"NATIONAL ARBORETUM DC, MD US",47.0,24.0,2016-01-31,2209.0,576.0,0,0,0,0,0,0,1
27,2016,2,1,2016-02-01,31,0,4604,961,0.0,USC00186350,"NATIONAL ARBORETUM DC, MD US",62.0,43.0,2016-02-01,3844.0,1849.0,1,0,0,0,0,0,0
28,2016,2,2,2016-02-02,32,1,6584,1024,0.0,USC00186350,"NATIONAL ARBORETUM DC, MD US",60.0,33.0,2016-02-02,3600.0,1089.0,0,1,0,0,0,0,0
29,2016,2,3,2016-02-03,33,2,4243,1089,0.0,USC00186350,"NATIONAL ARBORETUM DC, MD US",53.0,34.0,2016-02-03,2809.0,1156.0,0,0,1,0,0,0,0
30,2016,2,4,2016-02-04,34,3,6691,1156,0.0,USC00186350,"NATIONAL ARBORETUM DC, MD US",62.0,42.0,2016-02-04,3844.0,1764.0,0,0,0,1,0,0,0
31,2016,2,5,2016-02-05,35,4,5822,1225,0.0,USC00186350,"NATIONAL ARBORETUM DC, MD US",51.0,36.0,2016-02-05,2601.0,1296.0,0,0,0,0,1,0,0
32,2016,2,6,2016-02-06,36,5,5042,1296,0.0,USC00186350,"NATIONAL ARBORETUM DC, MD US",44.0,26.0,2016-02-06,1936.0,676.0,0,0,0,0,0,1,0
33,2016,2,7,2016-02-07,37,6,4664,1369,0.0,USC00186350,"NATIONAL ARBORETUM DC, MD US",45.0,27.0,2016-02-07,2025.0,729.0,0,0,0,0,0,0,1
34,2016,2,8,2016-02-08,38,0,5994,1444,0.0,USC00186350,"NATIONAL ARBORETUM DC, MD US",47.0,33.0,2016-02-08,2209.0,1089.0,1,0,0,0,0,0,0
35,2016,2,9,2016-02-09,39,1,4053,1521,0.0,USC00186350,"NATIONAL ARBORETUM DC, MD US",47.0,35.0,2016-02-09,2209.0,1225.0,0,1,0,0,0,0,0
36,2016,2,10,2016-02-10,40,2,5493,1600,0.0,USC00186350,"NATIONAL ARBORETUM DC, MD US",41.0,29.0,2016-02-10,1681.0,841.0,0,0,1,0,0,0,0
37,2016,2,11,2016-02-11,41,3,4246,1681,0.0,USC00186350,"NATIONAL ARBORETUM DC, MD US",40.0,21.0,2016-02-11,1600.0,441.0,0,0,0,1,0,0,0
38,2016,2,12,2016-02-12,42,4,4363,1764,0.0,USC00186350,"NATIONAL ARBORETUM DC, MD US",30.0,17.0,2016-02-12,900.0,289.0,0,0,0,0,1,0,0
39,2016,2,13,2016-02-13,43,5,1535,1849,0.0,USC00186350,"NATIONAL ARBORETUM DC, MD US",32.0,19.0,2016-02-13,1024.0,361.0,0,0,0,0,0,1,0
40,2016,2,14,2016-02-14,44,6,1851,1936,0.0,USC00186350,"NATIONAL ARBORETUM DC, MD US",24.0,13.0,2016-02-14,576.0,169.0,0,0,0,0,0,0,1
41,2016,2,15,2016-02-15,45,0,501,2025,0.0,USC00186350,"NATIONAL ARBORETUM DC, MD US",27.0,16.0,2016-02-15,729.0,256.0,1,0,0,0,0,0,0
42,2016,2,16,2016-02-16,46,1,3238,2116,0.0,USC00186350,"NATIONAL ARBORETUM DC, MD US",53.0,24.0,2016-02-16,2809.0,576.0,0,1,0,0,0,0,0
43,2016,2,17,2016-02-17,47,2,6097,2209,0.0,USC00186350,"NATIONAL ARBORETUM DC, MD US",64.0,30.0,2016-02-17,4096.0,900.0,0,0,1,0,0,0,0
44,2016,2,18,2016-02-18,48,3,5822,2304,0.0,USC00186350,"NATIONAL ARBORETUM DC, MD US",48.0,31.0,2016-02-18,2304.0,961.0,0,0,0,1,0,0,0
45,2016,2,19,2016-02-19,49,4,5633,2401,0.0,USC00186350,"NATIONAL ARBORETUM DC, MD US",42.0,20.0,2016-02-19,1764.0,400.0,0,0,0,0,1,0,0
46,2016,2,20,2016-02-20,50,5,8245,2500,0.0,USC00186350,"NATIONAL ARBORETUM DC, MD US",46.0,25.0,2016-02-20,2116.0,625.0,0,0,0,0,0,1,0
47,2016,2,21,2016-02-21,51,6,4254,2601,0.0,USC00186350,"NATIONAL ARBORETUM DC, MD US",67.0,25.0,2016-02-21,4489.0,625.0,0,0,0,0,0,0,1
48,2016,2,22,2016-02-22,52,0,7148,2704,0.0,USC00186350,"NATIONAL ARBORETUM DC, MD US",59.0,40.0,2016-02-22,3481.0,1600.0,1,0,0,0,0,0,0
49,2016,2,23,2016-02-23,53,1,2585,2809,0.0,USC00186350,"NATIONAL ARBORETUM DC, MD US",54.0,40.0,2016-02-23,2916.0,1600.0,0,1,0,0,0,0,0
50,2016,2,24,2016-02-24,54,2,3279,2916,0.0,USC00186350,"NATIONAL ARBORETUM DC, MD US",47.0,41.0,2016-02-24,2209.0,1681.0,0,0,1,0,0,0,0
51,2016,2,25,2016-02-25,55,3,6330,3025,0.0,USC00186350,"NATIONAL ARBORETUM DC, MD US",66.0,45.0,2016-02-25,4356.0,2025.0,0,0,0,1,0,0,0
52,2016,2,26,2016-02-26,56,4,5345,3136,0.0,USC00186350,"NATIONAL ARBORETUM DC, MD US",49.0,34.0,2016-02-26,2401.0,1156.0,0,0,0,0,1,0,0
53,2016,2,27,2016-02-27,57,5,5432,3249,0.0,USC00186350,"NATIONAL ARBORETUM DC, MD US",41.0,26.0,2016-02-27,1681.0,676.0,0,0,0,0,0,1,0
54,2016,2,28,2016-02-28,58,6,8732,3364,0.0,USC00186350,"NATIONAL ARBORETUM DC, MD US",47.0,32.0,2016-02-28,2209.0,1024.0,0,0,0,0,0,0,1
55,2016,2,29,2016-02-29,59,0,7828,3481,0.0,USC00186350,"NATIONAL ARBORETUM DC, MD US",67.0,41.0,2016-02-29,4489.0,1681.0,1,0,0,0,0,0,0
56,2016,3,1,2016-03-01,60,1,8588,3600,0.0,USC00186350,"NATIONAL ARBORETUM DC, MD US",64.0,43.0,2016-03-01,4096.0,1849.0,0,1,0,0,0,0,0
57,2016,3,2,2016-03-02,61,2,5918,3721,0.0,USC00186350,"NATIONAL ARBORETUM DC, MD US",67.0,40.0,2016-03-02,4489.0,1600.0,0,0,1,0,0,0,0
58,2016,3,3,2016-03-03,62,3,5902,3844,0.0,USC00186350,"NATIONAL ARBORETUM DC, MD US",44.0,26.0,2016-03-03,1936.0,676.0,0,0,0,1,0,0,0
59,2016,3,4,2016-03-04,63,4,5345,3969,0.0,USC00186350,"NATIONAL ARBORETUM DC, MD US",43.0,32.0,2016-03-04,1849.0,1024.0,0,0,0,0,1,0,0
60,2016,3,5,2016-03-05,64,5,5334,4096,0.0,USC00186350,"NATIONAL ARBORETUM DC, MD US",42.0,34.0,2016-03-05,1764.0,1156.0,0,0,0,0,0,1,0
61,2016,3,6,2016-03-06,65,6,5899,4225,0.0,USC00186350,"NATIONAL ARBORETUM DC, MD US",45.0,34.0,2016-03-06,2025.0,1156.0,0,0,0,0,0,0,1
62,2016,3,7,2016-03-07,66,0,9003,4356,0.0,USC00186350,"NATIONAL ARBORETUM DC, MD US",52.0,32.0,2016-03-07,2704.0,1024.0,1,0,0,0,0,0,0
63,2016,3,8,2016-03-08,67,1,10558,4489,0.0,USC00186350,"NATIONAL ARBORETUM DC, MD US",67.0,40.0,2016-03-08,4489.0,1600.0,0,1,0,0,0,0,0
64,2016,3,9,2016-03-09,68,2,11214,4624,0.0,USC00186350,"NATIONAL ARBORETUM DC, MD US",79.0,43.0,2016-03-09,6241.0,1849.0,0,0,1,0,0,0,0
65,2016,3,10,2016-03-10,69,3,10954,4761,0.0,USC00186350,"NATIONAL ARBORETUM DC, MD US",83.0,50.0,2016-03-10,6889.0,2500.0,0,0,0,1,0,0,0
66,2016,3,11,2016-03-11,70,4,11219,4900,0.0,USC00186350,"NATIONAL ARBORETUM DC, MD US",80.0,61.0,2016-03-11,6400.0,3721.0,0,0,0,0,1,0,0
67,2016,3,12,2016-03-12,71,5,10428,5041,0.0,USC00186350,"NATIONAL ARBORETUM DC, MD US",74.0,48.0,2016-03-12,5476.0,2304.0,0,0,0,0,0,1,0
68,2016,3,13,2016-03-13,72,6,5194,5184,0.0,USC00186350,"NATIONAL ARBORETUM DC, MD US",60.0,51.0,2016-03-13,3600.0,2601.0,0,0,0,0,0,0,1
69,2016,3,14,2016-03-14,73,0,7671,5329,0.0,USC00186350,"NATIONAL ARBORETUM DC, MD US",60.0,50.0,2016-03-14,3600.0,2500.0,1,0,0,0,0,0,0
70,2016,3,15,2016-03-15,74,1,8558,5476,0.0,USC00186350,"NATIONAL ARBORETUM DC, MD US",54.0,46.0,2016-03-15,2916.0,2116.0,0,1,0,0,0,0,0
71,2016,3,16,2016-03-16,75,2,13356,5625,0.0,USC00186350,"NATIONAL ARBORETUM DC, MD US",65.0,45.0,2016-03-16,4225.0,2025.0,0,0,1,0,0,0,0
72,2016,3,17,2016-03-17,76,3,10673,5776,0.0,USC00186350,"NATIONAL ARBORETUM DC, MD US",75.0,43.0,2016-03-17,5625.0,1849.0,0,0,0,1,0,0,0
73,2016,3,18,2016-03-18,77,4,11429,5929,0.0,USC00186350,"NATIONAL ARBORETUM DC, MD US",69.0,43.0,2016-03-18,4761.0,1849.0,0,0,0,0,1,0,0
74,2016,3,19,2016-03-19,78,5,3227,6084,0.0,USC00186350,"NATIONAL ARBORETUM DC, MD US",68.0,43.0,2016-03-19,4624.0,1849.0,0,0,0,0,0,1,0
75,2016,3,20,2016-03-20,79,6,4532,6241,0.0,USC00186350,"NATIONAL ARBORETUM DC, MD US",46.0,37.0,2016-03-20,2116.0,1369.0,0,0,0,0,0,0,1
76,2016,3,21,2016-03-21,80,0,7580,6400,0.0,USC00186350,"NATIONAL ARBORETUM DC, MD US",43.0,35.0,2016-03-21,1849.0,1225.0,1,0,0,0,0,0,0
77,2016,3,22,2016-03-22,81,1,9763,6561,0.0,USC00186350,"NATIONAL ARBORETUM DC, MD US",54.0,31.0,2016-03-22,2916.0,961.0,0,1,0,0,0,0,0
78,2016,3,23,2016-03-23,82,2,12340,6724,0.0,USC00186350,"NATIONAL ARBORETUM DC, MD US",63.0,33.0,2016-03-23,3969.0,1089.0,0,0,1,0,0,0,0
79,2016,3,24,2016-03-24,83,3,13363,6889,0.0,USC00186350,"NATIONAL ARBORETUM DC, MD US",76.0,46.0,2016-03-24,5776.0,2116.0,0,0,0,1,0,0,0
80,2016,3,25,2016-03-25,84,4,12212,7056,0.0,USC00186350,"NATIONAL ARBORETUM DC, MD US",78.0,51.0,2016-03-25,6084.0,2601.0,0,0,0,0,1,0,0
81,2016,3,26,2016-03-26,85,5,14116,7225,0.0,USC00186350,"NATIONAL ARBORETUM DC, MD US",74.0,40.0,2016-03-26,5476.0,1600.0,0,0,0,0,0,1,0
82,2016,3,27,2016-03-27,86,6,8564,7396,0.0,USC00186350,"NATIONAL ARBORETUM DC, MD US",63.0,41.0,2016-03-27,3969.0,1681.0,0,0,0,0,0,0,1
83,2016,3,28,2016-03-28,87,0,8430,7569,0.0,USC00186350,"NATIONAL ARBORETUM DC, MD US",57.0,49.0,2016-03-28,3249.0,2401.0,1,0,0,0,0,0,0
84,2016,3,29,2016-03-29,88,1,10221,7744,0.0,USC00186350,"NATIONAL ARBORETUM DC, MD US",70.0,47.0,2016-03-29,4900.0,2209.0,0,1,0,0,0,0,0
85,2016,3,30,2016-03-30,89,2,10873,7921,0.0,USC00186350,"NATIONAL ARBORETUM DC, MD US",62.0,33.0,2016-03-30,3844.0,1089.0,0,0,1,0,0,0,0
86,2016,3,31,2016-03-31,90,3,11029,8100,0.0,USC00186350,"NATIONAL ARBORETUM DC, MD US",65.0,41.0,2016-03-31,4225.0,1681.0,0,0,0,1,0,0,0
87,2016,4,1,2016-04-01,91,4,10874,8281,0.0,USC00186350,"NATIONAL ARBORETUM DC, MD US",74.0,55.0,2016-04-01,5476.0,3025.0,0,0,0,0,1,0,0
88,2016,4,2,2016-04-02,92,5,9282,8464,0.0,USC00186350,"NATIONAL ARBORETUM DC, MD US",84.0,50.0,2016-04-02,7056.0,2500.0,0,0,0,0,0,1,0
89,2016,4,3,2016-04-03,93,6,6800,8649,0.0,USC00186350,"NATIONAL ARBORETUM DC, MD US",63.0,36.0,2016-04-03,3969.0,1296.0,0,0,0,0,0,0,1
90,2016,4,4,2016-04-04,94,0,7398,8836,0.0,USC00186350,"NATIONAL ARBORETUM DC, MD US",54.0,37.0,2016-04-04,2916.0,1369.0,1,0,0,0,0,0,0
91,2016,4,5,2016-04-05,95,1,7512,9025,0.0,USC00186350,"NATIONAL ARBORETUM DC, MD US",72.0,30.0,2016-04-05,5184.0,900.0,0,1,0,0,0,0,0
92,2016,4,6,2016-04-06,96,2,9068,9216,0.0,USC00186350,"NATIONAL ARBORETUM DC, MD US",47.0,28.0,2016-04-06,2209.0,784.0,0,0,1,0,0,0,0
93,2016,4,7,2016-04-07,97,3,5433,9409,0.0,USC00186350,"NATIONAL ARBORETUM DC, MD US",57.0,32.0,2016-04-07,3249.0,1024.0,0,0,0,1,0,0,0
94,2016,4,8,2016-04-08,98,4,9529,9604,0.0,USC00186350,"NATIONAL ARBORETUM DC, MD US",64.0,44.0,2016-04-08,4096.0,1936.0,0,0,0,0,1,0,0
95,2016,4,9,2016-04-09,99,5,4069,9801,0.0,USC00186350,"NATIONAL ARBORETUM DC, MD US",54.0,39.0,2016-04-09,2916.0,1521.0,0,0,0,0,0,1,0
96,2016,4,10,2016-04-10,100,6,7421,10000,0.0,USC00186350,"NATIONAL ARBORETUM DC, MD US",50.0,31.0,2016-04-10,2500.0,961.0,0,0,0,0,0,0,1
97,2016,4,11,2016-04-11,101,0,9456,10201,0.0,USC00186350,"NATIONAL ARBORETUM DC, MD US",53.0,34.0,2016-04-11,2809.0,1156.0,1,0,0,0,0,0,0
98,2016,4,12,2016-04-12,102,1,8583,10404,0.0,USC00186350,"NATIONAL ARBORETUM DC, MD US",74.0,48.0,2016-04-12,5476.0,2304.0,0,1,0,0,0,0,0
99,2016,4,13,2016-04-13,103,2,10131,10609,0.0,USC00186350,"NATIONAL ARBORETUM DC, MD US",65.0,40.0,2016-04-13,4225.0,1600.0,0,0,1,0,0,0,0
100,2016,4,14,2016-04-14,104,3,10523,10816,0.0,USC00186350,"NATIONAL ARBORETUM DC, MD US",60.0,36.0,2016-04-14,3600.0,1296.0,0,0,0,1,0,0,0
101,2016,4,15,2016-04-15,105,4,11395,11025,0.0,USC00186350,"NATIONAL ARBORETUM DC, MD US",65.0,38.0,2016-04-15,4225.0,1444.0,0,0,0,0,1,0,0
102,2016,4,16,2016-04-16,106,5,13505,11236,0.0,USC00186350,"NATIONAL ARBORETUM DC, MD US",66.0,41.0,2016-04-16,4356.0,1681.0,0,0,0,0,0,1,0
103,2016,4,17,2016-04-17,107,6,12367,11449,0.0,USC00186350,"NATIONAL ARBORETUM DC, MD US",73.0,41.0,2016-04-17,5329.0,1681.0,0,0,0,0,0,0,1
104,2016,4,18,2016-04-18,108,0,11882,11664,0.0,USC00186350,"NATIONAL ARBORETUM DC, MD US",76.0,47.0,2016-04-18,5776.0,2209.0,1,0,0,0,0,0,0
105,2016,4,19,2016-04-19,109,1,11927,11881,0.0,USC00186350,"NATIONAL ARBORETUM DC, MD US",83.0,51.0,2016-04-19,6889.0,2601.0,0,1,0,0,0,0,0
106,2016,4,20,2016-04-20,110,2,11650,12100,0.0,USC00186350,"NATIONAL ARBORETUM DC, MD US",83.0,43.0,2016-04-20,6889.0,1849.0,0,0,1,0,0,0,0
107,2016,4,21,2016-04-21,111,3,11447,12321,0.0,USC00186350,"NATIONAL ARBORETUM DC, MD US",73.0,50.0,2016-04-21,5329.0,2500.0,0,0,0,1,0,0,0
108,2016,4,22,2016-04-22,112,4,11093,12544,0.0,USC00186350,"NATIONAL ARBORETUM DC, MD US",75.0,54.0,2016-04-22,5625.0,2916.0,0,0,0,0,1,0,0
109,2016,4,23,2016-04-23,113,5,8487,12769,0.0,USC00186350,"NATIONAL ARBORETUM DC, MD US",74.0,62.0,2016-04-23,5476.0,3844.0,0,0,0,0,0,1,0
110,2016,4,24,2016-04-24,114,6,11948,12996,0.0,USC00186350,"NATIONAL ARBORETUM DC, MD US",72.0,44.0,2016-04-24,5184.0,1936.0,0,0,0,0,0,0,1
111,2016,4,25,2016-04-25,115,0,11694,13225,0.0,USC00186350,"NATIONAL ARBORETUM DC, MD US",71.0,48.0,2016-04-25,5041.0,2304.0,1,0,0,0,0,0,0
112,2016,4,26,2016-04-26,116,1,11718,13456,0.0,USC00186350,"NATIONAL ARBORETUM DC, MD US",80.0,53.0,2016-04-26,6400.0,2809.0,0,1,0,0,0,0,0
113,2016,4,27,2016-04-27,117,2,8360,13689,0.0,USC00186350,"NATIONAL ARBORETUM DC, MD US",86.0,55.0,2016-04-27,7396.0,3025.0,0,0,1,0,0,0,0
114,2016,4,28,2016-04-28,118,3,5195,13924,0.0,USC00186350,"NATIONAL ARBORETUM DC, MD US",56.0,52.0,2016-04-28,3136.0,2704.0,0,0,0,1,0,0,0
115,2016,4,29,2016-04-29,119,4,8258,14161,0.0,USC00186350,"NATIONAL ARBORETUM DC, MD US",56.0,48.0,2016-04-29,3136.0,2304.0,0,0,0,0,1,0,0
116,2016,4,30,2016-04-30,120,5,8511,14400,0.0,USC00186350,"NATIONAL ARBORETUM DC, MD US",56.0,48.0,2016-04-30,3136.0,2304.0,0,0,0,0,0,1,0
117,2016,5,1,2016-05-01,121,6,4376,14641,0.0,USC00186350,"NATIONAL ARBORETUM DC, MD US",59.0,51.0,2016-05-01,3481.0,2601.0,0,0,0,0,0,0,1
118,2016,5,2,2016-05-02,122,0,8139,14884,0.0,USC00186350,"NATIONAL ARBORETUM DC, MD US",62.0,55.0,2016-05-02,3844.0,3025.0,1,0,0,0,0,0,0
119,2016,5,3,2016-05-03,123,1,8132,15129,0.0,USC00186350,"NATIONAL ARBORETUM DC, MD US",80.0,60.0,2016-05-03,6400.0,3600.0,0,1,0,0,0,0,0
120,2016,5,4,2016-05-04,124,2,9625,15376,0.0,USC00186350,"NATIONAL ARBORETUM DC, MD US",75.0,55.0,2016-05-04,5625.0,3025.0,0,0,1,0,0,0,0
121,2016,5,5,2016-05-05,125,3,8726,15625,0.0,USC00186350,"NATIONAL ARBORETUM DC, MD US",60.0,50.0,2016-05-05,3600.0,2500.0,0,0,0,1,0,0,0
122,2016,5,6,2016-05-06,126,4,3102,15876,0.0,USC00186350,"NATIONAL ARBORETUM DC, MD US",57.0,51.0,2016-05-06,3249.0,2601.0,0,0,0,0,1,0,0
123,2016,5,7,2016-05-07,127,5,9225,16129,0.0,USC00186350,"NATIONAL ARBORETUM DC, MD US",60.0,53.0,2016-05-07,3600.0,2809.0,0,0,0,0,0,1,0
124,2016,5,8,2016-05-08,128,6,10803,16384,0.0,USC00186350,"NATIONAL ARBORETUM DC, MD US",65.0,55.0,2016-05-08,4225.0,3025.0,0,0,0,0,0,0,1
125,2016,5,9,2016-05-09,129,0,9164,16641,0.0,USC00186350,"NATIONAL ARBORETUM DC, MD US",73.0,44.0,2016-05-09,5329.0,1936.0,1,0,0,0,0,0,0
126,2016,5,10,2016-05-10,130,1,10242,16900,0.0,USC00186350,"NATIONAL ARBORETUM DC, MD US",67.0,56.0,2016-05-10,4489.0,3136.0,0,1,0,0,0,0,0
127,2016,5,11,2016-05-11,131,2,7669,17161,0.0,USC00186350,"NATIONAL ARBORETUM DC, MD US",64.0,54.0,2016-05-11,4096.0,2916.0,0,0,1,0,0,0,0
128,2016,5,12,2016-05-12,132,3,10805,17424,0.0,USC00186350,"NATIONAL ARBORETUM DC, MD US",65.0,55.0,2016-05-12,4225.0,3025.0,0,0,0,1,0,0,0
129,2016,5,13,2016-05-13,133,4,10106,17689,0.0,USC00186350,"NATIONAL ARBORETUM DC, MD US",68.0,63.0,2016-05-13,4624.0,3969.0,0,0,0,0,1,0,0
130,2016,5,14,2016-05-14,134,5,9389,17956,0.0,USC00186350,"NATIONAL ARBORETUM DC, MD US",78.0,50.0,2016-05-14,6084.0,2500.0,0,0,0,0,0,1,0
131,2016,5,15,2016-05-15,135,6,8507,18225,0.0,USC00186350,"NATIONAL ARBORETUM DC, MD US",76.0,49.0,2016-05-15,5776.0,2401.0,0,0,0,0,0,0,1
132,2016,5,16,2016-05-16,136,0,11357,18496,0.0,USC00186350,"NATIONAL ARBORETUM DC, MD US",76.0,42.0,2016-05-16,5776.0,1764.0,1,0,0,0,0,0,0
133,2016,5,17,2016-05-17,137,1,5374,18769,0.0,USC00186350,"NATIONAL ARBORETUM DC, MD US",69.0,47.0,2016-05-17,4761.0,2209.0,0,1,0,0,0,0,0
134,2016,5,18,2016-05-18,138,2,10583,19044,0.0,USC00186350,"NATIONAL ARBORETUM DC, MD US",60.0,55.0,2016-05-18,3600.0,3025.0,0,0,1,0,0,0,0
135,2016,5,19,2016-05-19,139,3,11720,19321,0.0,USC00186350,"NATIONAL ARBORETUM DC, MD US",69.0,55.0,2016-05-19,4761.0,3025.0,0,0,0,1,0,0,0
136,2016,5,20,2016-05-20,140,4,13860,19600,0.0,USC00186350,"NATIONAL ARBORETUM DC, MD US",73.0,49.0,2016-05-20,5329.0,2401.0,0,0,0,0,1,0,0
137,2016,5,21,2016-05-21,141,5,4432,19881,0.0,USC00186350,"NATIONAL ARBORETUM DC, MD US",78.0,51.0,2016-05-21,6084.0,2601.0,0,0,0,0,0,1,0
138,2016,5,22,2016-05-22,142,6,2851,20164,0.0,USC00186350,"NATIONAL ARBORETUM DC, MD US",78.0,51.0,2016-05-22,6084.0,2601.0,0,0,0,0,0,0,1
139,2016,5,23,2016-05-23,143,0,8048,20449,0.0,USC00186350,"NATIONAL ARBORETUM DC, MD US",65.0,57.0,2016-05-23,4225.0,3249.0,1,0,0,0,0,0,0
140,2016,5,24,2016-05-24,144,1,13235,20736,0.0,USC00186350,"NATIONAL ARBORETUM DC, MD US",76.0,61.0,2016-05-24,5776.0,3721.0,0,1,0,0,0,0,0
141,2016,5,25,2016-05-25,145,2,12786,21025,0.0,USC00186350,"NATIONAL ARBORETUM DC, MD US",83.0,57.0,2016-05-25,6889.0,3249.0,0,0,1,0,0,0,0
142,2016,5,26,2016-05-26,146,3,12188,21316,0.0,USC00186350,"NATIONAL ARBORETUM DC, MD US",85.0,59.0,2016-05-26,7225.0,3481.0,0,0,0,1,0,0,0
143,2016,5,27,2016-05-27,147,4,12139,21609,0.0,USC00186350,"NATIONAL ARBORETUM DC, MD US",86.0,61.0,2016-05-27,7396.0,3721.0,0,0,0,0,1,0,0
144,2016,5,28,2016-05-28,148,5,11560,21904,0.0,USC00186350,"NATIONAL ARBORETUM DC, MD US",92.0,71.0,2016-05-28,8464.0,5041.0,0,0,0,0,0,1,0
145,2016,5,29,2016-05-29,149,6,9069,22201,0.0,USC00186350,"NATIONAL ARBORETUM DC, MD US",92.0,64.0,2016-05-29,8464.0,4096.0,0,0,0,0,0,0,1
146,2016,5,30,2016-05-30,150,0,9930,22500,0.0,USC00186350,"NATIONAL ARBORETUM DC, MD US",87.0,70.0,2016-05-30,7569.0,4900.0,1,0,0,0,0,0,0
147,2016,5,31,2016-05-31,151,1,11578,22801,0.0,USC00186350,"NATIONAL ARBORETUM DC, MD US",83.0,70.0,2016-05-31,6889.0,4900.0,0,1,0,0,0,0,0
148,2016,6,1,2016-06-01,152,2,12355,23104,0.0,USC00186350,"NATIONAL ARBORETUM DC, MD US",89.0,67.0,2016-06-01,7921.0,4489.0,0,0,1,0,0,0,0
149,2016,6,2,2016-06-02,153,3,12366,23409,0.0,USC00186350,"NATIONAL ARBORETUM DC, MD US",90.0,67.0,2016-06-02,8100.0,4489.0,0,0,0,1,0,0,0
150,2016,6,3,2016-06-03,154,4,8517,23716,0.0,USC00186350,"NATIONAL ARBORETUM DC, MD US",84.0,68.0,2016-06-03,7056.0,4624.0,0,0,0,0,1,0,0
151,2016,6,4,2016-06-04,155,5,11991,24025,0.0,USC00186350,"NATIONAL ARBORETUM DC, MD US",81.0,73.0,2016-06-04,6561.0,5329.0,0,0,0,0,0,1,0
152,2016,6,5,2016-06-05,156,6,9378,24336,0.0,USC00186350,"NATIONAL ARBORETUM DC, MD US",83.0,74.0,2016-06-05,6889.0,5476.0,0,0,0,0,0,0,1
153,2016,6,6,2016-06-06,157,0,12468,24649,0.0,USC00186350,"NATIONAL ARBORETUM DC, MD US",85.0,70.0,2016-06-06,7225.0,4900.0,1,0,0,0,0,0,0
154,2016,6,7,2016-06-07,158,1,13271,24964,0.0,USC00186350,"NATIONAL ARBORETUM DC, MD US",87.0,71.0,2016-06-07,7569.0,5041.0,0,1,0,0,0,0,0
155,2016,6,8,2016-06-08,159,2,13586,25281,0.0,USC00186350,"NATIONAL ARBORETUM DC, MD US",88.0,63.0,2016-06-08,7744.0,3969.0,0,0,1,0,0,0,0
156,2016,6,9,2016-06-09,160,3,13423,25600,0.0,USC00186350,"NATIONAL ARBORETUM DC, MD US",73.0,53.0,2016-06-09,5329.0,2809.0,0,0,0,1,0,0,0
157,2016,6,10,2016-06-10,161,4,13730,25921,0.0,USC00186350,"NATIONAL ARBORETUM DC, MD US",83.0,60.0,2016-06-10,6889.0,3600.0,0,0,0,0,1,0,0
158,2016,6,11,2016-06-11,162,5,11993,26244,0.0,USC00186350,"NATIONAL ARBORETUM DC, MD US",83.0,61.0,2016-06-11,6889.0,3721.0,0,0,0,0,0,1,0
159,2016,6,12,2016-06-12,163,6,11023,26569,0.0,USC00186350,"NATIONAL ARBORETUM DC, MD US",96.0,72.0,2016-06-12,9216.0,5184.0,0,0,0,0,0,0,1
160,2016,6,13,2016-06-13,164,0,13161,26896,0.0,USC00186350,"NATIONAL ARBORETUM DC, MD US",93.0,63.0,2016-06-13,8649.0,3969.0,1,0,0,0,0,0,0
161,2016,6,14,2016-06-14,165,1,13949,27225,0.0,USC00186350,"NATIONAL ARBORETUM DC, MD US",81.0,64.0,2016-06-14,6561.0,4096.0,0,1,0,0,0,0,0
162,2016,6,15,2016-06-15,166,2,12954,27556,0.0,USC00186350,"NATIONAL ARBORETUM DC, MD US",83.0,63.0,2016-06-15,6889.0,3969.0,0,0,1,0,0,0,0
163,2016,6,16,2016-06-16,167,3,11056,27889,0.0,USC00186350,"NATIONAL ARBORETUM DC, MD US",84.0,67.0,2016-06-16,7056.0,4489.0,0,0,0,1,0,0,0
164,2016,6,17,2016-06-17,168,4,13290,28224,0.0,USC00186350,"NATIONAL ARBORETUM DC, MD US",88.0,67.0,2016-06-17,7744.0,4489.0,0,0,0,0,1,0,0
165,2016,6,18,2016-06-18,169,5,13550,28561,0.0,USC00186350,"NATIONAL ARBORETUM DC, MD US",83.0,63.0,2016-06-18,6889.0,3969.0,0,0,0,0,0,1,0
166,2016,6,19,2016-06-19,170,6,11830,28900,0.0,USC00186350,"NATIONAL ARBORETUM DC, MD US",86.0,66.0,2016-06-19,7396.0,4356.0,0,0,0,0,0,0,1
167,2016,6,20,2016-06-20,171,0,12912,29241,0.0,USC00186350,"NATIONAL ARBORETUM DC, MD US",90.0,65.0,2016-06-20,8100.0,4225.0,1,0,0,0,0,0,0
168,2016,6,21,2016-06-21,172,1,9513,29584,0.0,USC00186350,"NATIONAL ARBORETUM DC, MD US",93.0,75.0,2016-06-21,8649.0,5625.0,0,1,0,0,0,0,0
169,2016,6,22,2016-06-22,173,2,13902,29929,0.0,USC00186350,"NATIONAL ARBORETUM DC, MD US",91.0,70.0,2016-06-22,8281.0,4900.0,0,0,1,0,0,0,0
170,2016,6,23,2016-06-23,174,3,9435,30276,0.0,USC00186350,"NATIONAL ARBORETUM DC, MD US",84.0,70.0,2016-06-23,7056.0,4900.0,0,0,0,1,0,0,0
171,2016,6,24,2016-06-24,175,4,12405,30625,0.0,USC00186350,"NATIONAL ARBORETUM DC, MD US",81.0,72.0,2016-06-24,6561.0,5184.0,0,0,0,0,1,0,0
172,2016,6,25,2016-06-25,176,5,13600,30976,0.0,USC00186350,"NATIONAL ARBORETUM DC, MD US",86.0,71.0,2016-06-25,7396.0,5041.0,0,0,0,0,0,1,0
173,2016,6,26,2016-06-26,177,6,12356,31329,0.0,USC00186350,"NATIONAL ARBORETUM DC, MD US",86.0,62.0,2016-06-26,7396.0,3844.0,0,0,0,0,0,0,1
174,2016,6,27,2016-06-27,178,0,11922,31684,0.0,USC00186350,"NATIONAL ARBORETUM DC, MD US",87.0,66.0,2016-06-27,7569.0,4356.0,1,0,0,0,0,0,0
175,2016,6,28,2016-06-28,179,1,11064,32041,0.0,USC00186350,"NATIONAL ARBORETUM DC, MD US",87.0,70.0,2016-06-28,7569.0,4900.0,0,1,0,0,0,0,0
176,2016,6,29,2016-06-29,180,2,13778,32400,0.0,USC00186350,"NATIONAL ARBORETUM DC, MD US",87.0,71.0,2016-06-29,7569.0,5041.0,0,0,1,0,0,0,0
177,2016,6,30,2016-06-30,181,3,13319,32761,0.0,USC00186350,"NATIONAL ARBORETUM DC, MD US",83.0,62.0,2016-06-30,6889.0,3844.0,0,0,0,1,0,0,0
178,2016,7,1,2016-07-01,182,4,12405,33124,0.0,USC00186350,"NATIONAL ARBORETUM DC, MD US",86.0,69.0,2016-07-01,7396.0,4761.0,0,0,0,0,1,0,0
179,2016,7,2,2016-07-02,183,5,14072,33489,0.0,USC00186350,"NATIONAL ARBORETUM DC, MD US",90.0,69.0,2016-07-02,8100.0,4761.0,0,0,0,0,0,1,0
180,2016,7,3,2016-07-03,184,6,13036,33856,0.0,USC00186350,"NATIONAL ARBORETUM DC, MD US",81.0,64.0,2016-07-03,6561.0,4096.0,0,0,0,0,0,0,1
181,2016,7,4,2016-07-04,185,0,7600,34225,0.0,USC00186350,"NATIONAL ARBORETUM DC, MD US",75.0,65.0,2016-07-04,5625.0,4225.0,1,0,0,0,0,0,0
182,2016,7,5,2016-07-05,186,1,11970,34596,0.0,USC00186350,"NATIONAL ARBORETUM DC, MD US",72.0,66.0,2016-07-05,5184.0,4356.0,0,1,0,0,0,0,0
183,2016,7,6,2016-07-06,187,2,12448,34969,0.0,USC00186350,"NATIONAL ARBORETUM DC, MD US",93.0,72.0,2016-07-06,8649.0,5184.0,0,0,1,0,0,0,0
184,2016,7,7,2016-07-07,188,3,12218,35344,0.0,USC00186350,"NATIONAL ARBORETUM DC, MD US",93.0,77.0,2016-07-07,8649.0,5929.0,0,0,0,1,0,0,0
185,2016,7,8,2016-07-08,189,4,11581,35721,0.0,USC00186350,"NATIONAL ARBORETUM DC, MD US",93.0,76.0,2016-07-08,8649.0,5776.0,0,0,0,0,1,0,0
186,2016,7,9,2016-07-09,190,5,12198,36100,0.0,USC00186350,"NATIONAL ARBORETUM DC, MD US",93.0,77.0,2016-07-09,8649.0,5929.0,0,0,0,0,0,1,0
187,2016,7,10,2016-07-10,191,6,11981,36481,0.0,USC00186350,"NATIONAL ARBORETUM DC, MD US",94.0,73.0,2016-07-10,8836.0,5329.0,0,0,0,0,0,0,1
188,2016,7,11,2016-07-11,192,0,12710,36864,0.0,USC00186350,"NATIONAL ARBORETUM DC, MD US",88.0,67.0,2016-07-11,7744.0,4489.0,1,0,0,0,0,0,0
189,2016,7,12,2016-07-12,193,1,13168,37249,0.0,USC00186350,"NATIONAL ARBORETUM DC, MD US",89.0,68.0,2016-07-12,7921.0,4624.0,0,1,0,0,0,0,0
190,2016,7,13,2016-07-13,194,2,12520,37636,0.0,USC00186350,"NATIONAL ARBORETUM DC, MD US",87.0,73.0,2016-07-13,7569.0,5329.0,0,0,1,0,0,0,0
191,2016,7,14,2016-07-14,195,3,12086,38025,0.0,USC00186350,"NATIONAL ARBORETUM DC, MD US",91.0,73.0,2016-07-14,8281.0,5329.0,0,0,0,1,0,0,0
192,2016,7,15,2016-07-15,196,4,12613,38416,0.0,USC00186350,"NATIONAL ARBORETUM DC, MD US",97.0,73.0,2016-07-15,9409.0,5329.0,0,0,0,0,1,0,0
193,2016,7,16,2016-07-16,197,5,13837,38809,0.0,USC00186350,"NATIONAL ARBORETUM DC, MD US",93.0,73.0,2016-07-16,8649.0,5329.0,0,0,0,0,0,1,0
194,2016,7,17,2016-07-17,198,6,15526,39204,0.0,USC00186350,"NATIONAL ARBORETUM DC, MD US",95.0,71.0,2016-07-17,9025.0,5041.0,0,0,0,0,0,0,1
195,2016,7,18,2016-07-18,199,0,9729,39601,0.0,USC00186350,"NATIONAL ARBORETUM DC, MD US",93.0,70.0,2016-07-18,8649.0,4900.0,1,0,0,0,0,0,0
196,2016,7,19,2016-07-19,200,1,12325,40000,0.0,USC00186350,"NATIONAL ARBORETUM DC, MD US",95.0,72.0,2016-07-19,9025.0,5184.0,0,1,0,0,0,0,0
197,2016,7,20,2016-07-20,201,2,13300,40401,0.0,USC00186350,"NATIONAL ARBORETUM DC, MD US",91.0,70.0,2016-07-20,8281.0,4900.0,0,0,1,0,0,0,0
198,2016,7,21,2016-07-21,202,3,12862,40804,0.0,USC00186350,"NATIONAL ARBORETUM DC, MD US",90.0,67.0,2016-07-21,8100.0,4489.0,0,0,0,1,0,0,0
199,2016,7,22,2016-07-22,203,4,12105,41209,0.0,USC00186350,"NATIONAL ARBORETUM DC, MD US",91.0,73.0,2016-07-22,8281.0,5329.0,0,0,0,0,1,0,0
200,2016,7,23,2016-07-23,204,5,10261,41616,0.0,USC00186350,"NATIONAL ARBORETUM DC, MD US",94.0,77.0,2016-07-23,8836.0,5929.0,0,0,0,0,0,1,0
201,2016,7,24,2016-07-24,205,6,9615,42025,0.0,USC00186350,"NATIONAL ARBORETUM DC, MD US",97.0,76.0,2016-07-24,9409.0,5776.0,0,0,0,0,0,0,1
202,2016,7,25,2016-07-25,206,0,10275,42436,0.0,USC00186350,"NATIONAL ARBORETUM DC, MD US",95.0,77.0,2016-07-25,9025.0,5929.0,1,0,0,0,0,0,0
203,2016,7,26,2016-07-26,207,1,11150,42849,0.0,USC00186350,"NATIONAL ARBORETUM DC, MD US",99.0,77.0,2016-07-26,9801.0,5929.0,0,1,0,0,0,0,0
204,2016,7,27,2016-07-27,208,2,11568,43264,0.0,USC00186350,"NATIONAL ARBORETUM DC, MD US",94.0,80.0,2016-07-27,8836.0,6400.0,0,0,1,0,0,0,0
205,2016,7,28,2016-07-28,209,3,9366,43681,0.0,USC00186350,"NATIONAL ARBORETUM DC, MD US",94.0,79.0,2016-07-28,8836.0,6241.0,0,0,0,1,0,0,0
206,2016,7,29,2016-07-29,210,4,12151,44100,0.0,USC00186350,"NATIONAL ARBORETUM DC, MD US",94.0,76.0,2016-07-29,8836.0,5776.0,0,0,0,0,1,0,0
207,2016,7,30,2016-07-30,211,5,8938,44521,0.0,USC00186350,"NATIONAL ARBORETUM DC, MD US",91.0,76.0,2016-07-30,8281.0,5776.0,0,0,0,0,0,1,0
208,2016,7,31,2016-07-31,212,6,10844,44944,0.0,USC00186350,"NATIONAL ARBORETUM DC, MD US",89.0,75.0,2016-07-31,7921.0,5625.0,0,0,0,0,0,0,1
209,2016,8,1,2016-08-01,213,0,11951,45369,0.0,USC00186350,"NATIONAL ARBORETUM DC, MD US",93.0,74.0,2016-08-01,8649.0,5476.0,1,0,0,0,0,0,0
210,2016,8,2,2016-08-02,214,1,13374,45796,0.0,USC00186350,"NATIONAL ARBORETUM DC, MD US",92.0,74.0,2016-08-02,8464.0,5476.0,0,1,0,0,0,0,0
211,2016,8,3,2016-08-03,215,2,13591,46225,0.0,USC00186350,"NATIONAL ARBORETUM DC, MD US",90.0,70.0,2016-08-03,8100.0,4900.0,0,0,1,0,0,0,0
212,2016,8,4,2016-08-04,216,3,13555,46656,0.0,USC00186350,"NATIONAL ARBORETUM DC, MD US",85.0,68.0,2016-08-04,7225.0,4624.0,0,0,0,1,0,0,0
213,2016,8,5,2016-08-05,217,4,13186,47089,0.0,USC00186350,"NATIONAL ARBORETUM DC, MD US",86.0,72.0,2016-08-05,7396.0,5184.0,0,0,0,0,1,0,0
214,2016,8,6,2016-08-06,218,5,11340,47524,0.0,USC00186350,"NATIONAL ARBORETUM DC, MD US",83.0,75.0,2016-08-06,6889.0,5625.0,0,0,0,0,0,1,0
215,2016,8,7,2016-08-07,219,6,11962,47961,0.0,USC00186350,"NATIONAL ARBORETUM DC, MD US",92.0,70.0,2016-08-07,8464.0,4900.0,0,0,0,0,0,0,1
216,2016,8,8,2016-08-08,220,0,11926,48400,0.0,USC00186350,"NATIONAL ARBORETUM DC, MD US",92.0,68.0,2016-08-08,8464.0,4624.0,1,0,0,0,0,0,0
217,2016,8,9,2016-08-09,221,1,12424,48841,0.0,USC00186350,"NATIONAL ARBORETUM DC, MD US",91.0,66.0,2016-08-09,8281.0,4356.0,0,1,0,0,0,0,0
218,2016,8,10,2016-08-10,222,2,12258,49284,0.0,USC00186350,"NATIONAL ARBORETUM DC, MD US",83.0,73.0,2016-08-10,6889.0,5329.0,0,0,1,0,0,0,0
219,2016,8,11,2016-08-11,223,3,11466,49729,0.0,USC00186350,"NATIONAL ARBORETUM DC, MD US",94.0,79.0,2016-08-11,8836.0,6241.0,0,0,0,1,0,0,0
220,2016,8,12,2016-08-12,224,4,10853,50176,0.0,USC00186350,"NATIONAL ARBORETUM DC, MD US",95.0,80.0,2016-08-12,9025.0,6400.0,0,0,0,0,1,0,0
221,2016,8,13,2016-08-13,225,5,8717,50625,0.0,USC00186350,"NATIONAL ARBORETUM DC, MD US",96.0,81.0,2016-08-13,9216.0,6561.0,0,0,0,0,0,1,0
222,2016,8,14,2016-08-14,226,6,7708,51076,0.0,USC00186350,"NATIONAL ARBORETUM DC, MD US",98.0,81.0,2016-08-14,9604.0,6561.0,0,0,0,0,0,0,1
223,2016,8,15,2016-08-15,227,0,9240,51529,0.0,USC00186350,"NATIONAL ARBORETUM DC, MD US",99.0,74.0,2016-08-15,9801.0,5476.0,1,0,0,0,0,0,0
224,2016,8,16,2016-08-16,228,1,11316,51984,0.0,USC00186350,"NATIONAL ARBORETUM DC, MD US",96.0,74.0,2016-08-16,9216.0,5476.0,0,1,0,0,0,0,0
225,2016,8,17,2016-08-17,229,2,10988,52441,0.0,USC00186350,"NATIONAL ARBORETUM DC, MD US",94.0,79.0,2016-08-17,8836.0,6241.0,0,0,1,0,0,0,0
226,2016,8,18,2016-08-18,230,3,11821,52900,0.0,USC00186350,"NATIONAL ARBORETUM DC, MD US",94.0,74.0,2016-08-18,8836.0,5476.0,0,0,0,1,0,0,0
227,2016,8,19,2016-08-19,231,4,11915,53361,0.0,USC00186350,"NATIONAL ARBORETUM DC, MD US",92.0,72.0,2016-08-19,8464.0,5184.0,0,0,0,0,1,0,0
228,2016,8,20,2016-08-20,232,5,11534,53824,0.0,USC00186350,"NATIONAL ARBORETUM DC, MD US",92.0,72.0,2016-08-20,8464.0,5184.0,0,0,0,0,0,1,0
229,2016,8,21,2016-08-21,233,6,7252,54289,0.0,USC00186350,"NATIONAL ARBORETUM DC, MD US",93.0,72.0,2016-08-21,8649.0,5184.0,0,0,0,0,0,0,1
230,2016,8,22,2016-08-22,234,0,12349,54756,0.0,USC00186350,"NATIONAL ARBORETUM DC, MD US",92.0,67.0,2016-08-22,8464.0,4489.0,1,0,0,0,0,0,0
231,2016,8,23,2016-08-23,235,1,13042,55225,0.0,USC00186350,"NATIONAL ARBORETUM DC, MD US",85.0,64.0,2016-08-23,7225.0,4096.0,0,1,0,0,0,0,0
232,2016,8,24,2016-08-24,236,2,12753,55696,0.0,USC00186350,"NATIONAL ARBORETUM DC, MD US",86.0,64.0,2016-08-24,7396.0,4096.0,0,0,1,0,0,0,0
233,2016,8,25,2016-08-25,237,3,12524,56169,0.0,USC00186350,"NATIONAL ARBORETUM DC, MD US",88.0,65.0,2016-08-25,7744.0,4225.0,0,0,0,1,0,0,0
234,2016,8,26,2016-08-26,238,4,11296,56644,0.0,USC00186350,"NATIONAL ARBORETUM DC, MD US",88.0,71.0,2016-08-26,7744.0,5041.0,0,0,0,0,1,0,0
235,2016,8,27,2016-08-27,239,5,11197,57121,0.0,USC00186350,"NATIONAL ARBORETUM DC, MD US",95.0,76.0,2016-08-27,9025.0,5776.0,0,0,0,0,0,1,0
236,2016,8,28,2016-08-28,240,6,10528,57600,0.0,USC00186350,"NATIONAL ARBORETUM DC, MD US",93.0,72.0,2016-08-28,8649.0,5184.0,0,0,0,0,0,0,1
237,2016,8,29,2016-08-29,241,0,11433,58081,0.0,USC00186350,"NATIONAL ARBORETUM DC, MD US",92.0,71.0,2016-08-29,8464.0,5041.0,1,0,0,0,0,0,0
238,2016,8,30,2016-08-30,242,1,12216,58564,0.0,USC00186350,"NATIONAL ARBORETUM DC, MD US",93.0,72.0,2016-08-30,8649.0,5184.0,0,1,0,0,0,0,0
239,2016,8,31,2016-08-31,243,2,11613,59049,0.0,USC00186350,"NATIONAL ARBORETUM DC, MD US",92.0,68.0,2016-08-31,8464.0,4624.0,0,0,1,0,0,0,0
240,2016,9,1,2016-09-01,244,3,9998,59536,0.0,USC00186350,"NATIONAL ARBORETUM DC, MD US",93.0,69.0,2016-09-01,8649.0,4761.0,0,0,0,1,0,0,0
241,2016,9,2,2016-09-02,245,4,12715,60025,0.0,USC00186350,"NATIONAL ARBORETUM DC, MD US",83.0,65.0,2016-09-02,6889.0,4225.0,0,0,0,0,1,0,0
242,2016,9,3,2016-09-03,246,5,11027,60516,0.0,USC00186350,"NATIONAL ARBORETUM DC, MD US",81.0,66.0,2016-09-03,6561.0,4356.0,0,0,0,0,0,1,0
243,2016,9,4,2016-09-04,247,6,12790,61009,0.0,USC00186350,"NATIONAL ARBORETUM DC, MD US",81.0,67.0,2016-09-04,6561.0,4489.0,0,0,0,0,0,0,1
244,2016,9,5,2016-09-05,248,0,11220,61504,0.0,USC00186350,"NATIONAL ARBORETUM DC, MD US",83.0,60.0,2016-09-05,6889.0,3600.0,1,0,0,0,0,0,0
245,2016,9,6,2016-09-06,249,1,11752,62001,0.0,USC00186350,"NATIONAL ARBORETUM DC, MD US",88.0,71.0,2016-09-06,7744.0,5041.0,0,1,0,0,0,0,0
246,2016,9,7,2016-09-07,250,2,11028,62500,0.0,USC00186350,"NATIONAL ARBORETUM DC, MD US",93.0,68.0,2016-09-07,8649.0,4624.0,0,0,1,0,0,0,0
247,2016,9,8,2016-09-08,251,3,11470,63001,0.0,USC00186350,"NATIONAL ARBORETUM DC, MD US",93.0,71.0,2016-09-08,8649.0,5041.0,0,0,0,1,0,0,0
248,2016,9,9,2016-09-09,252,4,11415,63504,0.0,USC00186350,"NATIONAL ARBORETUM DC, MD US",96.0,73.0,2016-09-09,9216.0,5329.0,0,0,0,0,1,0,0
249,2016,9,10,2016-09-10,253,5,10376,64009,0.0,USC00186350,"NATIONAL ARBORETUM DC, MD US",96.0,73.0,2016-09-09,9216.0,5329.0,0,0,0,0,0,1,0
250,2016,9,11,2016-09-11,254,6,11585,64516,0.0,USC00186350,"NATIONAL ARBORETUM DC, MD US",95.0,78.0,2016-09-11,9025.0,6084.0,0,0,0,0,0,0,1
251,2016,9,12,2016-09-12,255,0,12311,65025,0.0,USC00186350,"NATIONAL ARBORETUM DC, MD US",86.0,63.0,2016-09-12,7396.0,3969.0,1,0,0,0,0,0,0
252,2016,9,13,2016-09-13,256,1,12805,65536,0.0,USC00186350,"NATIONAL ARBORETUM DC, MD US",85.0,63.0,2016-09-13,7225.0,3969.0,0,1,0,0,0,0,0
253,2016,9,14,2016-09-14,257,2,12525,66049,0.0,USC00186350,"NATIONAL ARBORETUM DC, MD US",89.0,63.0,2016-09-14,7921.0,3969.0,0,0,1,0,0,0,0
254,2016,9,15,2016-09-15,258,3,13273,66564,0.0,USC00186350,"NATIONAL ARBORETUM DC, MD US",94.0,70.0,2016-09-15,8836.0,4900.0,0,0,0,1,0,0,0
255,2016,9,16,2016-09-16,259,4,13211,67081,0.0,USC00186350,"NATIONAL ARBORETUM DC, MD US",78.0,64.0,2016-09-16,6084.0,4096.0,0,0,0,0,1,0,0
256,2016,9,17,2016-09-17,260,5,12902,67600,0.0,USC00186350,"NATIONAL ARBORETUM DC, MD US",80.0,64.0,2016-09-17,6400.0,4096.0,0,0,0,0,0,1,0
257,2016,9,18,2016-09-18,261,6,11347,68121,0.0,USC00186350,"NATIONAL ARBORETUM DC, MD US",84.0,69.0,2016-09-18,7056.0,4761.0,0,0,0,0,0,0,1
258,2016,9,19,2016-09-19,262,0,8464,68644,0.0,USC00186350,"NATIONAL ARBORETUM DC, MD US",86.0,73.0,2016-09-19,7396.0,5329.0,1,0,0,0,0,0,0
259,2016,9,20,2016-09-20,263,1,12630,69169,0.0,USC00186350,"NATIONAL ARBORETUM DC, MD US",83.0,73.0,2016-09-20,6889.0,5329.0,0,1,0,0,0,0,0
260,2016,9,21,2016-09-21,264,2,12489,69696,0.0,USC00186350,"NATIONAL ARBORETUM DC, MD US",80.0,71.0,2016-09-21,6400.0,5041.0,0,0,1,0,0,0,0
261,2016,9,22,2016-09-22,265,3,12730,70225,0.0,USC00186350,"NATIONAL ARBORETUM DC, MD US",83.0,65.0,2016-09-22,6889.0,4225.0,0,0,0,1,0,0,0
262,2016,9,23,2016-09-23,266,4,13342,70756,0.0,USC00186350,"NATIONAL ARBORETUM DC, MD US",83.0,63.0,2016-09-23,6889.0,3969.0,0,0,0,0,1,0,0
263,2016,9,24,2016-09-24,267,5,13106,71289,0.0,USC00186350,"NATIONAL ARBORETUM DC, MD US",92.0,62.0,2016-09-24,8464.0,3844.0,0,0,0,0,0,1,0
264,2016,9,25,2016-09-25,268,6,11949,71824,0.0,USC00186350,"NATIONAL ARBORETUM DC, MD US",78.0,54.0,2016-09-25,6084.0,2916.0,0,0,0,0,0,0,1
265,2016,9,26,2016-09-26,269,0,11452,72361,0.0,USC00186350,"NATIONAL ARBORETUM DC, MD US",76.0,58.0,2016-09-26,5776.0,3364.0,1,0,0,0,0,0,0
266,2016,9,27,2016-09-27,270,1,12357,72900,0.0,USC00186350,"NATIONAL ARBORETUM DC, MD US",74.0,62.0,2016-09-27,5476.0,3844.0,0,1,0,0,0,0,0
267,2016,9,28,2016-09-28,271,2,7727,73441,0.0,USC00186350,"NATIONAL ARBORETUM DC, MD US",78.0,62.0,2016-09-28,6084.0,3844.0,0,0,1,0,0,0,0
268,2016,9,29,2016-09-29,272,3,5886,73984,0.0,USC00186350,"NATIONAL ARBORETUM DC, MD US",79.0,62.0,2016-09-29,6241.0,3844.0,0,0,0,1,0,0,0
269,2016,9,30,2016-09-30,273,4,8526,74529,0.0,USC00186350,"NATIONAL ARBORETUM DC, MD US",73.0,70.0,2016-09-30,5329.0,4900.0,0,0,0,0,1,0,0
270,2016,10,1,2016-10-01,274,5,6629,75076,0.0,USC00186350,"NATIONAL ARBORETUM DC, MD US",76.0,70.0,2016-10-01,5776.0,4900.0,0,0,0,0,0,1,0
271,2016,10,2,2016-10-02,275,6,10444,75625,0.0,USC00186350,"NATIONAL ARBORETUM DC, MD US",80.0,72.0,2016-10-02,6400.0,5184.0,0,0,0,0,0,0,1
272,2016,10,3,2016-10-03,276,0,12301,76176,0.0,USC00186350,"NATIONAL ARBORETUM DC, MD US",79.0,66.0,2016-10-03,6241.0,4356.0,1,0,0,0,0,0,0
273,2016,10,4,2016-10-04,277,1,12794,76729,0.0,USC00186350,"NATIONAL ARBORETUM DC, MD US",77.0,56.0,2016-10-04,5929.0,3136.0,0,1,0,0,0,0,0
274,2016,10,5,2016-10-05,278,2,12590,77284,0.0,USC00186350,"NATIONAL ARBORETUM DC, MD US",76.0,56.0,2016-10-05,5776.0,3136.0,0,0,1,0,0,0,0
275,2016,10,6,2016-10-06,279,3,12362,77841,0.0,USC00186350,"NATIONAL ARBORETUM DC, MD US",72.0,56.0,2016-10-06,5184.0,3136.0,0,0,0,1,0,0,0
276,2016,10,7,2016-10-07,280,4,13195,78400,0.0,USC00186350,"NATIONAL ARBORETUM DC, MD US",70.0,60.0,2016-10-07,4900.0,3600.0,0,0,0,0,1,0,0
277,2016,10,8,2016-10-08,281,5,5125,78961,0.0,USC00186350,"NATIONAL ARBORETUM DC, MD US",74.0,61.0,2016-10-08,5476.0,3721.0,0,0,0,0,0,1,0
278,2016,10,9,2016-10-09,282,6,10026,79524,0.0,USC00186350,"NATIONAL ARBORETUM DC, MD US",74.0,56.0,2016-10-09,5476.0,3136.0,0,0,0,0,0,0,1
279,2016,10,10,2016-10-10,283,0,10415,80089,0.0,USC00186350,"NATIONAL ARBORETUM DC, MD US",69.0,48.0,2016-10-10,4761.0,2304.0,1,0,0,0,0,0,0
280,2016,10,11,2016-10-11,284,1,11529,80656,0.0,USC00186350,"NATIONAL ARBORETUM DC, MD US",66.0,41.0,2016-10-11,4356.0,1681.0,0,1,0,0,0,0,0
281,2016,10,12,2016-10-12,285,2,11797,81225,0.0,USC00186350,"NATIONAL ARBORETUM DC, MD US",68.0,41.0,2016-10-12,4624.0,1681.0,0,0,1,0,0,0,0
282,2016,10,13,2016-10-13,286,3,12239,81796,0.0,USC00186350,"NATIONAL ARBORETUM DC, MD US",72.0,45.0,2016-10-13,5184.0,2025.0,0,0,0,1,0,0,0
283,2016,10,14,2016-10-14,287,4,12471,82369,0.0,USC00186350,"NATIONAL ARBORETUM DC, MD US",73.0,44.0,2016-10-14,5329.0,1936.0,0,0,0,0,1,0,0
284,2016,10,15,2016-10-15,288,5,12319,82944,0.0,USC00186350,"NATIONAL ARBORETUM DC, MD US",65.0,43.0,2016-10-15,4225.0,1849.0,0,0,0,0,0,1,0
285,2016,10,16,2016-10-16,289,6,11253,83521,0.0,USC00186350,"NATIONAL ARBORETUM DC, MD US",70.0,47.0,2016-10-16,4900.0,2209.0,0,0,0,0,0,0,1
286,2016,10,17,2016-10-17,290,0,11905,84100,0.0,USC00186350,"NATIONAL ARBORETUM DC, MD US",74.0,54.0,2016-10-17,5476.0,2916.0,1,0,0,0,0,0,0
287,2016,10,18,2016-10-18,291,1,12986,84681,0.0,USC00186350,"NATIONAL ARBORETUM DC, MD US",83.0,59.0,2016-10-18,6889.0,3481.0,0,1,0,0,0,0,0
288,2016,10,19,2016-10-19,292,2,12921,85264,0.0,USC00186350,"NATIONAL ARBORETUM DC, MD US",84.0,62.0,2016-10-19,7056.0,3844.0,0,0,1,0,0,0,0
289,2016,10,20,2016-10-20,293,3,13020,85849,0.0,USC00186350,"NATIONAL ARBORETUM DC, MD US",87.0,67.0,2016-10-20,7569.0,4489.0,0,0,0,1,0,0,0
290,2016,10,21,2016-10-21,294,4,10585,86436,0.0,USC00186350,"NATIONAL ARBORETUM DC, MD US",84.0,66.0,2016-10-21,7056.0,4356.0,0,0,0,0,1,0,0
291,2016,10,22,2016-10-22,295,5,8904,87025,0.0,USC00186350,"NATIONAL ARBORETUM DC, MD US",80.0,53.0,2016-10-22,6400.0,2809.0,0,0,0,0,0,1,0
292,2016,10,23,2016-10-23,296,6,9605,87616,0.0,USC00186350,"NATIONAL ARBORETUM DC, MD US",60.0,47.0,2016-10-23,3600.0,2209.0,0,0,0,0,0,0,1
293,2016,10,24,2016-10-24,297,0,10800,88209,0.0,USC00186350,"NATIONAL ARBORETUM DC, MD US",68.0,48.0,2016-10-24,4624.0,2304.0,1,0,0,0,0,0,0
294,2016,10,25,2016-10-25,298,1,11181,88804,0.0,USC00186350,"NATIONAL ARBORETUM DC, MD US",71.0,42.0,2016-10-25,5041.0,1764.0,0,1,0,0,0,0,0
295,2016,10,26,2016-10-26,299,2,10697,89401,0.0,USC00186350,"NATIONAL ARBORETUM DC, MD US",63.0,36.0,2016-10-26,3969.0,1296.0,0,0,1,0,0,0,0
296,2016,10,27,2016-10-27,300,3,9280,90000,0.0,USC00186350,"NATIONAL ARBORETUM DC, MD US",58.0,36.0,2016-10-27,3364.0,1296.0,0,0,0,1,0,0,0
297,2016,10,28,2016-10-28,301,4,10627,90601,0.0,USC00186350,"NATIONAL ARBORETUM DC, MD US",64.0,47.0,2016-10-28,4096.0,2209.0,0,0,0,0,1,0,0
298,2016,10,29,2016-10-29,302,5,11615,91204,0.0,USC00186350,"NATIONAL ARBORETUM DC, MD US",63.0,40.0,2016-10-29,3969.0,1600.0,0,0,0,0,0,1,0
299,2016,10,30,2016-10-30,303,6,10902,91809,0.0,USC00186350,"NATIONAL ARBORETUM DC, MD US",74.0,45.0,2016-10-30,5476.0,2025.0,0,0,0,0,0,0,1
300,2016,10,31,2016-10-31,304,0,10726,92416,0.0,USC00186350,"NATIONAL ARBORETUM DC, MD US",80.0,49.0,2016-10-31,6400.0,2401.0,1,0,0,0,0,0,0
301,2016,11,1,2016-11-01,305,1,11369,93025,0.0,USC00186350,"NATIONAL ARBORETUM DC, MD US",62.0,42.0,2016-11-01,3844.0,1764.0,0,1,0,0,0,0,0
302,2016,11,2,2016-11-02,306,2,12123,93636,0.0,USC00186350,"NATIONAL ARBORETUM DC, MD US",60.0,45.0,2016-11-02,3600.0,2025.0,0,0,1,0,0,0,0
303,2016,11,3,2016-11-03,307,3,11958,94249,0.0,USC00186350,"NATIONAL ARBORETUM DC, MD US",74.0,54.0,2016-11-03,5476.0,2916.0,0,0,0,1,0,0,0
304,2016,11,4,2016-11-04,308,4,11980,94864,0.0,USC00186350,"NATIONAL ARBORETUM DC, MD US",80.0,54.0,2016-11-04,6400.0,2916.0,0,0,0,0,1,0,0
305,2016,11,5,2016-11-05,309,5,11303,95481,0.0,USC00186350,"NATIONAL ARBORETUM DC, MD US",64.0,37.0,2016-11-05,4096.0,1369.0,0,0,0,0,0,1,0
306,2016,11,6,2016-11-06,310,6,9840,96100,0.0,USC00186350,"NATIONAL ARBORETUM DC, MD US",68.0,46.0,2016-11-06,4624.0,2116.0,0,0,0,0,0,0,1
307,2016,11,7,2016-11-07,311,0,10155,96721,0.0,USC00186350,"NATIONAL ARBORETUM DC, MD US",69.0,40.0,2016-11-07,4761.0,1600.0,1,0,0,0,0,0,0
308,2016,11,8,2016-11-08,312,1,12026,97344,0.0,USC00186350,"NATIONAL ARBORETUM DC, MD US",61.0,35.0,2016-11-08,3721.0,1225.0,0,1,0,0,0,0,0
309,2016,11,9,2016-11-09,313,2,7399,97969,0.0,USC00186350,"NATIONAL ARBORETUM DC, MD US",69.0,36.0,2016-11-09,4761.0,1296.0,0,0,1,0,0,0,0
310,2016,11,10,2016-11-10,314,3,10251,98596,0.0,USC00186350,"NATIONAL ARBORETUM DC, MD US",69.0,36.0,2016-11-10,4761.0,1296.0,0,0,0,1,0,0,0
311,2016,11,11,2016-11-11,315,4,9848,99225,0.0,USC00186350,"NATIONAL ARBORETUM DC, MD US",61.0,38.0,2016-11-11,3721.0,1444.0,0,0,0,0,1,0,0
312,2016,11,12,2016-11-12,316,5,8327,99856,0.0,USC00186350,"NATIONAL ARBORETUM DC, MD US",65.0,35.0,2016-11-12,4225.0,1225.0,0,0,0,0,0,1,0
313,2016,11,13,2016-11-13,317,6,8155,100489,0.0,USC00186350,"NATIONAL ARBORETUM DC, MD US",53.0,31.0,2016-11-13,2809.0,961.0,0,0,0,0,0,0,1
314,2016,11,14,2016-11-14,318,0,9210,101124,0.0,USC00186350,"NATIONAL ARBORETUM DC, MD US",64.0,32.0,2016-11-14,4096.0,1024.0,1,0,0,0,0,0,0
315,2016,11,15,2016-11-15,319,1,10395,101761,0.0,USC00186350,"NATIONAL ARBORETUM DC, MD US",58.0,32.0,2016-11-15,3364.0,1024.0,0,1,0,0,0,0,0
316,2016,11,16,2016-11-16,320,2,10046,102400,0.0,USC00186350,"NATIONAL ARBORETUM DC, MD US",64.0,37.0,2016-11-16,4096.0,1369.0,0,0,1,0,0,0,0
317,2016,11,17,2016-11-17,321,3,10495,103041,0.0,USC00186350,"NATIONAL ARBORETUM DC, MD US",64.0,37.0,2016-11-17,4096.0,1369.0,0,0,0,1,0,0,0
318,2016,11,18,2016-11-18,322,4,11253,103684,0.0,USC00186350,"NATIONAL ARBORETUM DC, MD US",62.0,37.0,2016-11-18,3844.0,1369.0,0,0,0,0,1,0,0
319,2016,11,19,2016-11-19,323,5,8247,104329,0.0,USC00186350,"NATIONAL ARBORETUM DC, MD US",72.0,37.0,2016-11-19,5184.0,1369.0,0,0,0,0,0,1,0
320,2016,11,20,2016-11-20,324,6,3826,104976,0.0,USC00186350,"NATIONAL ARBORETUM DC, MD US",71.0,38.0,2016-11-20,5041.0,1444.0,0,0,0,0,0,0,1
321,2016,11,21,2016-11-21,325,0,6826,105625,0.0,USC00186350,"NATIONAL ARBORETUM DC, MD US",46.0,35.0,2016-11-21,2116.0,1225.0,1,0,0,0,0,0,0
322,2016,11,22,2016-11-22,326,1,7626,106276,0.0,USC00186350,"NATIONAL ARBORETUM DC, MD US",45.0,32.0,2016-11-22,2025.0,1024.0,0,1,0,0,0,0,0
323,2016,11,23,2016-11-23,327,2,6903,106929,0.0,USC00186350,"NATIONAL ARBORETUM DC, MD US",49.0,27.0,2016-11-23,2401.0,729.0,0,0,1,0,0,0,0
324,2016,11,24,2016-11-24,328,3,3328,107584,0.0,USC00186350,"NATIONAL ARBORETUM DC, MD US",52.0,27.0,2016-11-24,2704.0,729.0,0,0,0,1,0,0,0
325,2016,11,25,2016-11-25,329,4,5831,108241,0.0,USC00186350,"NATIONAL ARBORETUM DC, MD US",61.0,43.0,2016-11-25,3721.0,1849.0,0,0,0,0,1,0,0
326,2016,11,26,2016-11-26,330,5,4991,108900,0.0,USC00186350,"NATIONAL ARBORETUM DC, MD US",59.0,41.0,2016-11-26,3481.0,1681.0,0,0,0,0,0,1,0
327,2016,11,27,2016-11-27,331,6,4867,109561,0.0,USC00186350,"NATIONAL ARBORETUM DC, MD US",51.0,34.0,2016-11-27,2601.0,1156.0,0,0,0,0,0,0,1
328,2016,11,28,2016-11-28,332,0,8027,110224,0.0,USC00186350,"NATIONAL ARBORETUM DC, MD US",52.0,30.0,2016-11-28,2704.0,900.0,1,0,0,0,0,0,0
329,2016,11,29,2016-11-29,333,1,6331,110889,0.0,USC00186350,"NATIONAL ARBORETUM DC, MD US",54.0,30.0,2016-11-29,2916.0,900.0,0,1,0,0,0,0,0
330,2016,11,30,2016-11-30,334,2,6170,111556,0.0,USC00186350,"NATIONAL ARBORETUM DC, MD US",65.0,49.0,2016-11-30,4225.0,2401.0,0,0,1,0,0,0,0
331,2016,12,1,2016-12-01,335,3,9131,112225,0.0,USC00186350,"NATIONAL ARBORETUM DC, MD US",74.0,51.0,2016-12-01,5476.0,2601.0,0,0,0,1,0,0,0
332,2016,12,2,2016-12-02,336,4,8411,112896,0.0,USC00186350,"NATIONAL ARBORETUM DC, MD US",57.0,43.0,2016-12-02,3249.0,1849.0,0,0,0,0,1,0,0
333,2016,12,3,2016-12-03,337,5,6209,113569,0.0,USC00186350,"NATIONAL ARBORETUM DC, MD US",52.0,42.0,2016-12-03,2704.0,1764.0,0,0,0,0,0,1,0
334,2016,12,4,2016-12-04,338,6,5264,114244,0.0,USC00186350,"NATIONAL ARBORETUM DC, MD US",50.0,37.0,2016-12-04,2500.0,1369.0,0,0,0,0,0,0,1
335,2016,12,5,2016-12-05,339,0,8210,114921,0.0,USC00186350,"NATIONAL ARBORETUM DC, MD US",47.0,40.0,2016-12-05,2209.0,1600.0,1,0,0,0,0,0,0
336,2016,12,6,2016-12-06,340,1,3893,115600,0.0,USC00186350,"NATIONAL ARBORETUM DC, MD US",55.0,41.0,2016-12-06,3025.0,1681.0,0,1,0,0,0,0,0
337,2016,12,7,2016-12-07,341,2,8655,116281,0.0,USC00186350,"NATIONAL ARBORETUM DC, MD US",51.0,41.0,2016-12-07,2601.0,1681.0,0,0,1,0,0,0,0
338,2016,12,8,2016-12-08,342,3,7993,116964,0.0,USC00186350,"NATIONAL ARBORETUM DC, MD US",50.0,32.0,2016-12-08,2500.0,1024.0,0,0,0,1,0,0,0
339,2016,12,9,2016-12-09,343,4,6419,117649,0.0,USC00186350,"NATIONAL ARBORETUM DC, MD US",47.0,30.0,2016-12-09,2209.0,900.0,0,0,0,0,1,0,0
340,2016,12,10,2016-12-10,344,5,4202,118336,0.0,USC00186350,"NATIONAL ARBORETUM DC, MD US",39.0,28.0,2016-12-10,1521.0,784.0,0,0,0,0,0,1,0
341,2016,12,11,2016-12-11,345,6,3815,119025,0.0,USC00186350,"NATIONAL ARBORETUM DC, MD US",36.0,25.0,2016-12-11,1296.0,625.0,0,0,0,0,0,0,1
342,2016,12,12,2016-12-12,346,0,7037,119716,0.0,USC00186350,"NATIONAL ARBORETUM DC, MD US",46.0,31.0,2016-12-12,2116.0,961.0,1,0,0,0,0,0,0
343,2016,12,13,2016-12-13,347,1,7743,120409,0.0,USC00186350,"NATIONAL ARBORETUM DC, MD US",54.0,36.0,2016-12-13,2916.0,1296.0,0,1,0,0,0,0,0
344,2016,12,14,2016-12-14,348,2,7610,121104,0.0,USC00186350,"NATIONAL ARBORETUM DC, MD US",47.0,36.0,2016-12-14,2209.0,1296.0,0,0,1,0,0,0,0
345,2016,12,15,2016-12-15,349,3,4556,121801,0.0,USC00186350,"NATIONAL ARBORETUM DC, MD US",47.0,28.0,2016-12-15,2209.0,784.0,0,0,0,1,0,0,0
346,2016,12,16,2016-12-16,350,4,4517,122500,0.0,USC00186350,"NATIONAL ARBORETUM DC, MD US",28.0,16.0,2016-12-16,784.0,256.0,0,0,0,0,1,0,0
347,2016,12,17,2016-12-17,351,5,2319,123201,0.0,USC00186350,"NATIONAL ARBORETUM DC, MD US",30.0,17.0,2016-12-17,900.0,289.0,0,0,0,0,0,1,0
348,2016,12,18,2016-12-18,352,6,3313,123904,0.0,USC00186350,"NATIONAL ARBORETUM DC, MD US",60.0,17.0,2016-12-18,3600.0,289.0,0,0,0,0,0,0,1
349,2016,12,19,2016-12-19,353,0,6328,124609,0.0,USC00186350,"NATIONAL ARBORETUM DC, MD US",65.0,31.0,2016-12-19,4225.0,961.0,1,0,0,0,0,0,0
350,2016,12,20,2016-12-20,354,1,6106,125316,0.0,USC00186350,"NATIONAL ARBORETUM DC, MD US",36.0,22.0,2016-12-20,1296.0,484.0,0,1,0,0,0,0,0
351,2016,12,21,2016-12-21,355,2,6587,126025,0.0,USC00186350,"NATIONAL ARBORETUM DC, MD US",37.0,23.0,2016-12-21,1369.0,529.0,0,0,1,0,0,0,0
352,2016,12,22,2016-12-22,356,3,6187,126736,0.0,USC00186350,"NATIONAL ARBORETUM DC, MD US",49.0,26.0,2016-12-22,2401.0,676.0,0,0,0,1,0,0,0
353,2016,12,23,2016-12-23,357,4,4209,127449,0.0,USC00186350,"NATIONAL ARBORETUM DC, MD US",57.0,28.0,2016-12-23,3249.0,784.0,0,0,0,0,1,0,0
354,2016,12,24,2016-12-24,358,5,1372,128164,0.0,USC00186350,"NATIONAL ARBORETUM DC, MD US",47.0,29.0,2016-12-24,2209.0,841.0,0,0,0,0,0,1,0
355,2016,12,25,2016-12-25,359,6,2155,128881,0.0,USC00186350,"NATIONAL ARBORETUM DC, MD US",51.0,34.0,2016-12-25,2601.0,1156.0,0,0,0,0,0,0,1
356,2016,12,26,2016-12-26,360,0,2361,129600,0.0,USC00186350,"NATIONAL ARBORETUM DC, MD US",50.0,32.0,2016-12-26,2500.0,1024.0,1,0,0,0,0,0,0
357,2016,12,27,2016-12-27,361,1,5803,130321,0.0,USC00186350,"NATIONAL ARBORETUM DC, MD US",57.0,39.0,2016-12-27,3249.0,1521.0,0,1,0,0,0,0,0
358,2016,12,28,2016-12-28,362,2,6396,131044,0.0,USC00186350,"NATIONAL ARBORETUM DC, MD US",65.0,37.0,2016-12-28,4225.0,1369.0,0,0,1,0,0,0,0
359,2016,12,29,2016-12-29,363,3,4254,131769,0.0,USC00186350,"NATIONAL ARBORETUM DC, MD US",49.0,32.0,2016-12-29,2401.0,1024.0,0,0,0,1,0,0,0
360,2016,12,30,2016-12-30,364,4,4447,132496,0.0,USC00186350,"NATIONAL ARBORETUM DC, MD US",50.0,34.0,2016-12-30,2500.0,1156.0,0,0,0,0,1,0,0
361,2016,12,31,2016-12-31,365,5,3217,133225,0.0,USC00186350,"NATIONAL ARBORETUM DC, MD US",42.0,27.0,2016-12-31,1764.0,729.0,0,0,0,0,0,1,0
